model,estimator,fe_strategy,outcome,term,coef,std_err,p_value,ci_low,ci_high,nobs,city_operators,cities,r2,adj_r2,sample,family,dropped_city,significant_05,label,estimate,effect_direction
city_sensitivity_unlock_fee_ge_0_99_market_fe_all,ols_cluster,market_fe,ur_boxcox,unlock_fee_ge_0_99:local_maas_only,-0.19553077529690993,0.040282071048409154,1.209714532310302e-06,-0.2744821837744755,-0.11657936681934437,14514,97,30,0.7787328626316814,0.775656702205784,all,baseline,,True,unlock_fee_ge_0_99:Local MaaS only,-0.196***,negative
city_sensitivity_unlock_fee_ge_0_99_market_fe_all,ols_cluster,market_fe,ur_boxcox,unlock_fee_ge_0_99:multi_platform,-0.08723401439749293,0.04123431116925305,0.03438151384821328,-0.1680517792165466,-0.006416249578439254,14514,97,30,0.7787328626316814,0.775656702205784,all,baseline,,True,unlock_fee_ge_0_99:Multi-platform,-0.087*,negative
city_sensitivity_unlock_fee_ge_0_99_unit_fe_all,ols_cluster,unit_fe,ur_boxcox,unlock_fee_ge_0_99:local_maas_only,-0.04254828413514152,0.01212904970316341,0.0004515481318242704,-0.06632078472003804,-0.018775783550245003,14514,97,30,0.9003532038914102,0.8985639368784482,all,baseline,,True,unlock_fee_ge_0_99:Local MaaS only,-0.043***,negative
city_sensitivity_unlock_fee_ge_0_99_unit_fe_all,ols_cluster,unit_fe,ur_boxcox,unlock_fee_ge_0_99:multi_platform,-0.08499490820534687,0.009363615277185544,1.1145847287825255e-19,-0.10334725691371957,-0.06664255949697417,14514,97,30,0.9003532038914102,0.8985639368784482,all,baseline,,True,unlock_fee_ge_0_99:Multi-platform,-0.085***,negative
city_sensitivity_unlock_fee_ge_1_00_market_fe_all,ols_cluster,market_fe,ur_boxcox,unlock_fee_ge_1_00:local_maas_only,-0.20478574972393856,0.038737038255303384,1.24636668341333e-07,-0.2807089495720835,-0.12886254987579365,14514,97,30,0.7781129240686021,0.7750281449635058,all,baseline,,True,unlock_fee_ge_1_00:Local MaaS only,-0.205***,negative
city_sensitivity_unlock_fee_ge_1_00_market_fe_all,ols_cluster,market_fe,ur_boxcox,unlock_fee_ge_1_00:multi_platform,-0.1062937646859662,0.035597571268325114,0.002826677844079628,-0.17606372230898124,-0.036523807062951164,14514,97,30,0.7781129240686021,0.7750281449635058,all,baseline,,True,unlock_fee_ge_1_00:Multi-platform,-0.106**,negative
city_sensitivity_unlock_fee_ge_1_00_unit_fe_all,ols_cluster,unit_fe,ur_boxcox,unlock_fee_ge_1_00:local_maas_only,-0.034555524672949096,0.009990801766054727,0.0005427208259218505,-0.05413713631109553,-0.014973913034802666,14514,97,30,0.9004294179043248,0.898641519397171,all,baseline,,True,unlock_fee_ge_1_00:Local MaaS only,-0.035***,negative
city_sensitivity_unlock_fee_ge_1_00_unit_fe_all,ols_cluster,unit_fe,ur_boxcox,unlock_fee_ge_1_00:multi_platform,-0.0844774685143641,0.008094497164887894,1.6908959483718862e-25,-0.10034239143050595,-0.06861254559822226,14514,97,30,0.9004294179043248,0.898641519397171,all,baseline,,True,unlock_fee_ge_1_00:Multi-platform,-0.084***,negative
city_sensitivity_unlock_fee_ge_1_20_market_fe_all,ols_cluster,market_fe,ur_boxcox,unlock_fee_ge_1_20:local_maas_only,-0.21312220806966498,0.038952046953249636,4.464956578505042e-08,-0.2894668172221474,-0.13677759891718255,14514,97,30,0.78131722237301,0.7782769909389056,all,baseline,,True,unlock_fee_ge_1_20:Local MaaS only,-0.213***,negative
city_sensitivity_unlock_fee_ge_1_20_market_fe_all,ols_cluster,market_fe,ur_boxcox,unlock_fee_ge_1_20:multi_platform,-0.13679899864910114,0.03850262012821682,0.00038089494971012576,-0.21226274741083306,-0.061335249887369214,14514,97,30,0.78131722237301,0.7782769909389056,all,baseline,,True,unlock_fee_ge_1_20:Multi-platform,-0.137***,negative
city_sensitivity_unlock_fee_ge_1_20_unit_fe_all,ols_cluster,unit_fe,ur_boxcox,unlock_fee_ge_1_20:local_maas_only,-0.03764421002431666,0.010746426864780001,0.0004601335705770282,-0.05870681964177915,-0.016581600406854167,14514,97,30,0.9003641254608312,0.8985750545565717,all,baseline,,True,unlock_fee_ge_1_20:Local MaaS only,-0.038***,negative
city_sensitivity_unlock_fee_ge_1_20_unit_fe_all,ols_cluster,unit_fe,ur_boxcox,unlock_fee_ge_1_20:multi_platform,-0.0727892743638087,0.0114868440790562,2.346602780611885e-10,-0.09530307505478602,-0.05027547367283139,14514,97,30,0.9003641254608312,0.8985750545565717,all,baseline,,True,unlock_fee_ge_1_20:Multi-platform,-0.073***,negative
city_sensitivity_unlock_fee_ge_0_99_market_fe_no_weak_exposure,ols_cluster,market_fe,ur_boxcox,unlock_fee_ge_0_99:local_maas_only,-0.1426163985831078,0.03392529102534727,2.6242778384298423e-05,-0.20910874715782835,-0.07612405000838722,13768,92,30,0.8138570645211649,0.8111269315494456,no_weak_exposure,baseline,,True,unlock_fee_ge_0_99:Local MaaS only,-0.143***,negative
city_sensitivity_unlock_fee_ge_0_99_market_fe_no_weak_exposure,ols_cluster,market_fe,ur_boxcox,unlock_fee_ge_0_99:multi_platform,-0.06597295092664646,0.03648697451021963,0.07058730332465517,-0.13748610687150792,0.0055402050182149915,13768,92,30,0.8138570645211649,0.8111269315494456,no_weak_exposure,baseline,,False,unlock_fee_ge_0_99:Multi-platform,-0.066+,negative
city_sensitivity_unlock_fee_ge_0_99_unit_fe_no_weak_exposure,ols_cluster,unit_fe,ur_boxcox,unlock_fee_ge_0_99:local_maas_only,-0.04182067384425838,0.012046453737902718,0.0005173337997770304,-0.06543128931197562,-0.01821005837654114,13768,92,30,0.9026230567242829,0.9008147101156557,no_weak_exposure,baseline,,True,unlock_fee_ge_0_99:Local MaaS only,-0.042***,negative
city_sensitivity_unlock_fee_ge_0_99_unit_fe_no_weak_exposure,ols_cluster,unit_fe,ur_boxcox,unlock_fee_ge_0_99:multi_platform,-0.08438222798748751,0.008946269433689254,4.019079310879342e-21,-0.10191659387351,-0.06684786210146502,13768,92,30,0.9026230567242829,0.9008147101156557,no_weak_exposure,baseline,,True,unlock_fee_ge_0_99:Multi-platform,-0.084***,negative
city_sensitivity_unlock_fee_ge_1_00_market_fe_no_weak_exposure,ols_cluster,market_fe,ur_boxcox,unlock_fee_ge_1_00:local_maas_only,-0.14876991989096056,0.03233822077776058,4.216072408866133e-06,-0.21215166793947615,-0.08538817184244496,13768,92,30,0.814088190488595,0.8113614474098237,no_weak_exposure,baseline,,True,unlock_fee_ge_1_00:Local MaaS only,-0.149***,negative
city_sensitivity_unlock_fee_ge_1_00_market_fe_no_weak_exposure,ols_cluster,market_fe,ur_boxcox,unlock_fee_ge_1_00:multi_platform,-0.0891732061811594,0.032658584146346814,0.0063244547645364664,-0.15318285489406994,-0.02516355746824886,13768,92,30,0.814088190488595,0.8113614474098237,no_weak_exposure,baseline,,True,unlock_fee_ge_1_00:Multi-platform,-0.089**,negative
city_sensitivity_unlock_fee_ge_1_00_unit_fe_no_weak_exposure,ols_cluster,unit_fe,ur_boxcox,unlock_fee_ge_1_00:local_maas_only,-0.03385621119470339,0.009901645791507572,0.0006279379920129302,-0.053263080333730825,-0.01444934205567595,13768,92,30,0.9027028369447032,0.9008959719012821,no_weak_exposure,baseline,,True,unlock_fee_ge_1_00:Local MaaS only,-0.034***,negative
city_sensitivity_unlock_fee_ge_1_00_unit_fe_no_weak_exposure,ols_cluster,unit_fe,ur_boxcox,unlock_fee_ge_1_00:multi_platform,-0.08380596952967888,0.007811758863902934,7.505843753578586e-27,-0.09911673555884015,-0.0684952035005176,13768,92,30,0.9027028369447032,0.9008959719012821,no_weak_exposure,baseline,,True,unlock_fee_ge_1_00:Multi-platform,-0.084***,negative
city_sensitivity_unlock_fee_ge_1_20_market_fe_no_weak_exposure,ols_cluster,market_fe,ur_boxcox,unlock_fee_ge_1_20:local_maas_only,-0.15799387791549596,0.03218204501742343,9.13649349176147e-07,-0.2210695270984926,-0.09491822873249935,13768,92,30,0.8178343051671578,0.8151625058399368,no_weak_exposure,baseline,,True,unlock_fee_ge_1_20:Local MaaS only,-0.158***,negative
city_sensitivity_unlock_fee_ge_1_20_market_fe_no_weak_exposure,ols_cluster,market_fe,ur_boxcox,unlock_fee_ge_1_20:multi_platform,-0.12091965742021601,0.03275446748765111,0.000222760399943856,-0.18511723402880034,-0.05672208081163169,13768,92,30,0.8178343051671578,0.8151625058399368,no_weak_exposure,baseline,,True,unlock_fee_ge_1_20:Multi-platform,-0.121***,negative
city_sensitivity_unlock_fee_ge_1_20_unit_fe_no_weak_exposure,ols_cluster,unit_fe,ur_boxcox,unlock_fee_ge_1_20:local_maas_only,-0.03706806056995458,0.010779802644551289,0.0005846040817444492,-0.05819608551372474,-0.01594003562618443,13768,92,30,0.9026331037762375,0.9008249437472227,no_weak_exposure,baseline,,True,unlock_fee_ge_1_20:Local MaaS only,-0.037***,negative
city_sensitivity_unlock_fee_ge_1_20_unit_fe_no_weak_exposure,ols_cluster,unit_fe,ur_boxcox,unlock_fee_ge_1_20:multi_platform,-0.07201722186358525,0.011530221040210195,4.2122309338788196e-10,-0.09461603983618319,-0.04941840389098731,13768,92,30,0.9026331037762375,0.9008249437472227,no_weak_exposure,baseline,,True,unlock_fee_ge_1_20:Multi-platform,-0.072***,negative
city_sensitivity_unlock_fee_ge_0_99_market_fe_drop_berlin,ols_cluster,market_fe,ur_boxcox,unlock_fee_ge_0_99:local_maas_only,-0.20753500882947346,0.04377975139633167,2.1326123147369404e-06,-0.2933417448184007,-0.12172827284054624,13911,93,29,0.7776250446348008,0.7744139710377829,drop_berlin,leave_one_platform_city,BERLIN,True,unlock_fee_ge_0_99:Local MaaS only,-0.208***,negative
city_sensitivity_unlock_fee_ge_0_99_market_fe_drop_berlin,ols_cluster,market_fe,ur_boxcox,unlock_fee_ge_0_99:multi_platform,-0.10185394483303638,0.04607531067920653,0.02706375478212863,-0.1921598943407749,-0.011547995325297836,13911,93,29,0.7776250446348008,0.7744139710377829,drop_berlin,leave_one_platform_city,BERLIN,True,unlock_fee_ge_0_99:Multi-platform,-0.102*,negative
city_sensitivity_unlock_fee_ge_0_99_unit_fe_drop_berlin,ols_cluster,unit_fe,ur_boxcox,unlock_fee_ge_0_99:local_maas_only,-0.04380550635599331,0.012435742175756813,0.0004274186458454686,-0.06817911314150243,-0.019431899570484187,13911,93,29,0.9002216808918475,0.898380698579997,drop_berlin,leave_one_platform_city,BERLIN,True,unlock_fee_ge_0_99:Local MaaS only,-0.044***,negative
city_sensitivity_unlock_fee_ge_0_99_unit_fe_drop_berlin,ols_cluster,unit_fe,ur_boxcox,unlock_fee_ge_0_99:multi_platform,-0.08562793106833248,0.010354141527981078,1.3404795803710095e-16,-0.10592167555400592,-0.06533418658265905,13911,93,29,0.9002216808918475,0.898380698579997,drop_berlin,leave_one_platform_city,BERLIN,True,unlock_fee_ge_0_99:Multi-platform,-0.086***,negative
city_sensitivity_unlock_fee_ge_1_00_market_fe_drop_berlin,ols_cluster,market_fe,ur_boxcox,unlock_fee_ge_1_00:local_maas_only,-0.22288020142100667,0.041521784281378184,7.970746356201535e-08,-0.30426140318634926,-0.1414989996556641,13911,93,29,0.7774313253986984,0.7742174545139947,drop_berlin,leave_one_platform_city,BERLIN,True,unlock_fee_ge_1_00:Local MaaS only,-0.223***,negative
city_sensitivity_unlock_fee_ge_1_00_market_fe_drop_berlin,ols_cluster,market_fe,ur_boxcox,unlock_fee_ge_1_00:multi_platform,-0.12300758056070789,0.041059460909661706,0.002736898847986555,-0.20348264516827502,-0.04253251595314074,13911,93,29,0.7774313253986984,0.7742174545139947,drop_berlin,leave_one_platform_city,BERLIN,True,unlock_fee_ge_1_00:Multi-platform,-0.123**,negative
city_sensitivity_unlock_fee_ge_1_00_unit_fe_drop_berlin,ols_cluster,unit_fe,ur_boxcox,unlock_fee_ge_1_00:local_maas_only,-0.03576833453665173,0.010399309389630648,0.0005828084408377787,-0.05615060640441701,-0.015386062668886445,13911,93,29,0.9003008962448317,0.898461375513663,drop_berlin,leave_one_platform_city,BERLIN,True,unlock_fee_ge_1_00:Local MaaS only,-0.036***,negative
city_sensitivity_unlock_fee_ge_1_00_unit_fe_drop_berlin,ols_cluster,unit_fe,ur_boxcox,unlock_fee_ge_1_00:multi_platform,-0.08530423008227273,0.008874408243096314,7.0887543844444575e-22,-0.10269775062284688,-0.06791070954169857,13911,93,29,0.9003008962448317,0.898461375513663,drop_berlin,leave_one_platform_city,BERLIN,True,unlock_fee_ge_1_00:Multi-platform,-0.085***,negative
city_sensitivity_unlock_fee_ge_1_20_market_fe_drop_berlin,ols_cluster,market_fe,ur_boxcox,unlock_fee_ge_1_20:local_maas_only,-0.21767089314685312,0.04109484113889899,1.1785375359763506e-07,-0.2982153017294901,-0.1371264845642161,13911,93,29,0.7775522867885463,0.7743401625750204,drop_berlin,leave_one_platform_city,BERLIN,True,unlock_fee_ge_1_20:Local MaaS only,-0.218***,negative
city_sensitivity_unlock_fee_ge_1_20_market_fe_drop_berlin,ols_cluster,market_fe,ur_boxcox,unlock_fee_ge_1_20:multi_platform,-0.12992767371260405,0.04048247629774777,0.001329755751491087,-0.20927186926118607,-0.05058347816402205,13911,93,29,0.7775522867885463,0.7743401625750204,drop_berlin,leave_one_platform_city,BERLIN,True,unlock_fee_ge_1_20:Multi-platform,-0.130**,negative
city_sensitivity_unlock_fee_ge_1_20_unit_fe_drop_berlin,ols_cluster,unit_fe,ur_boxcox,unlock_fee_ge_1_20:local_maas_only,-0.038695823571299255,0.010948410183655832,0.000408735586293971,-0.06015431321923624,-0.017237333923362266,13911,93,29,0.9002351554249834,0.8983944217280363,drop_berlin,leave_one_platform_city,BERLIN,True,unlock_fee_ge_1_20:Local MaaS only,-0.039***,negative
city_sensitivity_unlock_fee_ge_1_20_unit_fe_drop_berlin,ols_cluster,unit_fe,ur_boxcox,unlock_fee_ge_1_20:multi_platform,-0.07380923520948157,0.011641746541805104,2.296931623943053e-10,-0.0966266391485633,-0.05099183127039984,13911,93,29,0.9002351554249834,0.8983944217280363,drop_berlin,leave_one_platform_city,BERLIN,True,unlock_fee_ge_1_20:Multi-platform,-0.074***,negative
city_sensitivity_unlock_fee_ge_0_99_market_fe_drop_bielefeld,ols_cluster,market_fe,ur_boxcox,unlock_fee_ge_0_99:local_maas_only,-0.20309455620614833,0.039274646633754025,2.326746014721608e-07,-0.2800714491138435,-0.12611766329845317,14055,94,29,0.7868820170983988,0.7838365955759885,drop_bielefeld,leave_one_platform_city,BIELEFELD,True,unlock_fee_ge_0_99:Local MaaS only,-0.203***,negative
city_sensitivity_unlock_fee_ge_0_99_market_fe_drop_bielefeld,ols_cluster,market_fe,ur_boxcox,unlock_fee_ge_0_99:multi_platform,-0.08604104253338406,0.04150295445246278,0.03816013213533532,-0.16738533851221737,-0.00469674655455074,14055,94,29,0.7868820170983988,0.7838365955759885,drop_bielefeld,leave_one_platform_city,BIELEFELD,True,unlock_fee_ge_0_99:Multi-platform,-0.086*,negative
city_sensitivity_unlock_fee_ge_0_99_unit_fe_drop_bielefeld,ols_cluster,unit_fe,ur_boxcox,unlock_fee_ge_0_99:local_maas_only,-0.04312812213708383,0.01212592353297317,0.0003755602853545629,-0.06689449554099794,-0.019361748733169724,14055,94,29,0.9013257409573004,0.899516843954344,drop_bielefeld,leave_one_platform_city,BIELEFELD,True,unlock_fee_ge_0_99:Local MaaS only,-0.043***,negative
city_sensitivity_unlock_fee_ge_0_99_unit_fe_drop_bielefeld,ols_cluster,unit_fe,ur_boxcox,unlock_fee_ge_0_99:multi_platform,-0.08569456690568497,0.00927833910070397,2.5592908445449914e-20,-0.1038797773794145,-0.06750935643195544,14055,94,29,0.9013257409573004,0.899516843954344,drop_bielefeld,leave_one_platform_city,BIELEFELD,True,unlock_fee_ge_0_99:Multi-platform,-0.086***,negative
city_sensitivity_unlock_fee_ge_1_00_market_fe_drop_bielefeld,ols_cluster,market_fe,ur_boxcox,unlock_fee_ge_1_00:local_maas_only,-0.21130206924867792,0.038288632441439895,3.415880296973521e-08,-0.28634640985119203,-0.1362577286461638,14055,94,29,0.7859458872330621,0.7828870885662136,drop_bielefeld,leave_one_platform_city,BIELEFELD,True,unlock_fee_ge_1_00:Local MaaS only,-0.211***,negative
city_sensitivity_unlock_fee_ge_1_00_market_fe_drop_bielefeld,ols_cluster,market_fe,ur_boxcox,unlock_fee_ge_1_00:multi_platform,-0.10327832005077234,0.036416869935043804,0.0045682143909398995,-0.1746540735531377,-0.03190256654840698,14055,94,29,0.7859458872330621,0.7828870885662136,drop_bielefeld,leave_one_platform_city,BIELEFELD,True,unlock_fee_ge_1_00:Multi-platform,-0.103**,negative
city_sensitivity_unlock_fee_ge_1_00_unit_fe_drop_bielefeld,ols_cluster,unit_fe,ur_boxcox,unlock_fee_ge_1_00:local_maas_only,-0.03514123393431963,0.009982354545826742,0.0004310017603742532,-0.05470628932504973,-0.015576178543589527,14055,94,29,0.901402963195698,0.8995954818311963,drop_bielefeld,leave_one_platform_city,BIELEFELD,True,unlock_fee_ge_1_00:Local MaaS only,-0.035***,negative
city_sensitivity_unlock_fee_ge_1_00_unit_fe_drop_bielefeld,ols_cluster,unit_fe,ur_boxcox,unlock_fee_ge_1_00:multi_platform,-0.08514310174905021,0.008044842222471258,3.55185417904259e-26,-0.10091070276640104,-0.06937550073169937,14055,94,29,0.901402963195698,0.8995954818311963,drop_bielefeld,leave_one_platform_city,BIELEFELD,True,unlock_fee_ge_1_00:Multi-platform,-0.085***,negative
city_sensitivity_unlock_fee_ge_1_20_market_fe_drop_bielefeld,ols_cluster,market_fe,ur_boxcox,unlock_fee_ge_1_20:local_maas_only,-0.21834224771266014,0.038534140479097236,1.4599687171195614e-08,-0.2938677752268978,-0.14281672019842254,14055,94,29,0.7887753455204762,0.7857569793551367,drop_bielefeld,leave_one_platform_city,BIELEFELD,True,unlock_fee_ge_1_20:Local MaaS only,-0.218***,negative
city_sensitivity_unlock_fee_ge_1_20_market_fe_drop_bielefeld,ols_cluster,market_fe,ur_boxcox,unlock_fee_ge_1_20:multi_platform,-0.1316943385454563,0.03967833565734293,0.0009032459251883618,-0.20946244740033987,-0.05392622969057276,14055,94,29,0.7887753455204762,0.7857569793551367,drop_bielefeld,leave_one_platform_city,BIELEFELD,True,unlock_fee_ge_1_20:Multi-platform,-0.132***,negative
city_sensitivity_unlock_fee_ge_1_20_unit_fe_drop_bielefeld,ols_cluster,unit_fe,ur_boxcox,unlock_fee_ge_1_20:local_maas_only,-0.03823289103563723,0.010762871833386253,0.0003818871002823744,-0.059327732199294866,-0.01713804987197959,14055,94,29,0.9013366601839065,0.8995279633522659,drop_bielefeld,leave_one_platform_city,BIELEFELD,True,unlock_fee_ge_1_20:Local MaaS only,-0.038***,negative
city_sensitivity_unlock_fee_ge_1_20_unit_fe_drop_bielefeld,ols_cluster,unit_fe,ur_boxcox,unlock_fee_ge_1_20:multi_platform,-0.07343628739055971,0.011514595105368732,1.7980245679134222e-10,-0.09600447909364361,-0.050868095687475814,14055,94,29,0.9013366601839065,0.8995279633522659,drop_bielefeld,leave_one_platform_city,BIELEFELD,True,unlock_fee_ge_1_20:Multi-platform,-0.073***,negative
city_sensitivity_unlock_fee_ge_0_99_market_fe_drop_bonn,ols_cluster,market_fe,ur_boxcox,unlock_fee_ge_0_99:local_maas_only,-0.2009679253064545,0.04334104468153349,3.5367991261531243e-06,-0.2859148119346014,-0.1160210386783076,13911,93,29,0.7758714324559884,0.7726350368628062,drop_bonn,leave_one_platform_city,BONN,True,unlock_fee_ge_0_99:Local MaaS only,-0.201***,negative
city_sensitivity_unlock_fee_ge_0_99_market_fe_drop_bonn,ols_cluster,market_fe,ur_boxcox,unlock_fee_ge_0_99:multi_platform,-0.08621894678010773,0.044235246396279196,0.05128340802914176,-0.1729184365640702,0.00048054300385470816,13911,93,29,0.7758714324559884,0.7726350368628062,drop_bonn,leave_one_platform_city,BONN,False,unlock_fee_ge_0_99:Multi-platform,-0.086+,negative
city_sensitivity_unlock_fee_ge_0_99_unit_fe_drop_bonn,ols_cluster,unit_fe,ur_boxcox,unlock_fee_ge_0_99:local_maas_only,-0.044271121873486,0.012983779062603762,0.0006502830679323544,-0.06971886121941459,-0.018823382527557407,13911,93,29,0.9004077328544793,0.8985701833361991,drop_bonn,leave_one_platform_city,BONN,True,unlock_fee_ge_0_99:Local MaaS only,-0.044***,negative
city_sensitivity_unlock_fee_ge_0_99_unit_fe_drop_bonn,ols_cluster,unit_fe,ur_boxcox,unlock_fee_ge_0_99:multi_platform,-0.08640016627844543,0.00944606523383238,5.870836725801392e-20,-0.10491411393237282,-0.06788621862451805,13911,93,29,0.9004077328544793,0.8985701833361991,drop_bonn,leave_one_platform_city,BONN,True,unlock_fee_ge_0_99:Multi-platform,-0.086***,negative
city_sensitivity_unlock_fee_ge_1_00_market_fe_drop_bonn,ols_cluster,market_fe,ur_boxcox,unlock_fee_ge_1_00:local_maas_only,-0.2237683776165957,0.04074112159818575,3.964065822192239e-08,-0.3036195086388067,-0.1439172465943847,13911,93,29,0.775815752631987,0.7725785530273439,drop_bonn,leave_one_platform_city,BONN,True,unlock_fee_ge_1_00:Local MaaS only,-0.224***,negative
city_sensitivity_unlock_fee_ge_1_00_market_fe_drop_bonn,ols_cluster,market_fe,ur_boxcox,unlock_fee_ge_1_00:multi_platform,-0.11959536937913609,0.0372711036845737,0.0013329201661260919,-0.19264539026495864,-0.04654534849331353,13911,93,29,0.775815752631987,0.7725785530273439,drop_bonn,leave_one_platform_city,BONN,True,unlock_fee_ge_1_00:Multi-platform,-0.120**,negative
city_sensitivity_unlock_fee_ge_1_00_unit_fe_drop_bonn,ols_cluster,unit_fe,ur_boxcox,unlock_fee_ge_1_00:local_maas_only,-0.035000669587159056,0.01022307589306664,0.0006177645142773786,-0.055037530148789315,-0.014963809025528792,13911,93,29,0.9004813116294247,0.8986451196928757,drop_bonn,leave_one_platform_city,BONN,True,unlock_fee_ge_1_00:Local MaaS only,-0.035***,negative
city_sensitivity_unlock_fee_ge_1_00_unit_fe_drop_bonn,ols_cluster,unit_fe,ur_boxcox,unlock_fee_ge_1_00:multi_platform,-0.08523052812049522,0.008131323617188966,1.0478290000907717e-25,-0.10116762955682555,-0.0692934266841649,13911,93,29,0.9004813116294247,0.8986451196928757,drop_bonn,leave_one_platform_city,BONN,True,unlock_fee_ge_1_00:Multi-platform,-0.085***,negative
city_sensitivity_unlock_fee_ge_1_20_market_fe_drop_bonn,ols_cluster,market_fe,ur_boxcox,unlock_fee_ge_1_20:local_maas_only,-0.2370363713898408,0.04065645000501635,5.535170902658591e-09,-0.31672154913892614,-0.15735119364075545,13911,93,29,0.7800842722972182,0.7769087097180795,drop_bonn,leave_one_platform_city,BONN,True,unlock_fee_ge_1_20:Local MaaS only,-0.237***,negative
city_sensitivity_unlock_fee_ge_1_20_market_fe_drop_bonn,ols_cluster,market_fe,ur_boxcox,unlock_fee_ge_1_20:multi_platform,-0.1553271386811656,0.04028097469874172,0.00011521420711183273,-0.2342763983528685,-0.07637787900946268,13911,93,29,0.7800842722972182,0.7769087097180795,drop_bonn,leave_one_platform_city,BONN,True,unlock_fee_ge_1_20:Multi-platform,-0.155***,negative
city_sensitivity_unlock_fee_ge_1_20_unit_fe_drop_bonn,ols_cluster,unit_fe,ur_boxcox,unlock_fee_ge_1_20:local_maas_only,-0.03796596084537551,0.011696575773867863,0.0011707835657139144,-0.06089082810460024,-0.01504109358615079,13911,93,29,0.9004132434018388,0.8985757955571517,drop_bonn,leave_one_platform_city,BONN,True,unlock_fee_ge_1_20:Local MaaS only,-0.038**,negative
city_sensitivity_unlock_fee_ge_1_20_unit_fe_drop_bonn,ols_cluster,unit_fe,ur_boxcox,unlock_fee_ge_1_20:multi_platform,-0.07353791469875469,0.011522004234822556,1.7434623677120517e-10,-0.09612062802872488,-0.050955201368784495,13911,93,29,0.9004132434018388,0.8985757955571517,drop_bonn,leave_one_platform_city,BONN,True,unlock_fee_ge_1_20:Multi-platform,-0.074***,negative
city_sensitivity_unlock_fee_ge_0_99_market_fe_drop_cologne,ols_cluster,market_fe,ur_boxcox,unlock_fee_ge_0_99:local_maas_only,-0.2248253553741517,0.03989600674439874,1.7476939236041085e-08,-0.3030200917201403,-0.14663061902816305,13911,93,29,0.7780352215093511,0.7748300708281122,drop_cologne,leave_one_platform_city,COLOGNE,True,unlock_fee_ge_0_99:Local MaaS only,-0.225***,negative
city_sensitivity_unlock_fee_ge_0_99_market_fe_drop_cologne,ols_cluster,market_fe,ur_boxcox,unlock_fee_ge_0_99:multi_platform,-0.053446880033585574,0.03624410237220595,0.14031026843727776,-0.12448401533509196,0.017590255267920817,13911,93,29,0.7780352215093511,0.7748300708281122,drop_cologne,leave_one_platform_city,COLOGNE,False,unlock_fee_ge_0_99:Multi-platform,-0.053,negative
city_sensitivity_unlock_fee_ge_0_99_unit_fe_drop_cologne,ols_cluster,unit_fe,ur_boxcox,unlock_fee_ge_0_99:local_maas_only,-0.042986514162555896,0.01222302329234565,0.0004367038988508298,-0.06694319959774757,-0.019029828727364223,13911,93,29,0.8904053106417152,0.8883832091833548,drop_cologne,leave_one_platform_city,COLOGNE,True,unlock_fee_ge_0_99:Local MaaS only,-0.043***,negative
city_sensitivity_unlock_fee_ge_0_99_unit_fe_drop_cologne,ols_cluster,unit_fe,ur_boxcox,unlock_fee_ge_0_99:multi_platform,-0.08547401221601124,0.00958762110217834,4.876463610687433e-19,-0.104265404273697,-0.06668262015832548,13911,93,29,0.8904053106417152,0.8883832091833548,drop_cologne,leave_one_platform_city,COLOGNE,True,unlock_fee_ge_0_99:Multi-platform,-0.085***,negative
city_sensitivity_unlock_fee_ge_1_00_market_fe_drop_cologne,ols_cluster,market_fe,ur_boxcox,unlock_fee_ge_1_00:local_maas_only,-0.2158840232770505,0.038631131103097,2.2924608620369894e-08,-0.29159964892116574,-0.1401683976329353,13911,93,29,0.7729784124839403,0.7697002419524219,drop_cologne,leave_one_platform_city,COLOGNE,True,unlock_fee_ge_1_00:Local MaaS only,-0.216***,negative
city_sensitivity_unlock_fee_ge_1_00_market_fe_drop_cologne,ols_cluster,market_fe,ur_boxcox,unlock_fee_ge_1_00:multi_platform,-0.06589139666785415,0.02655350284202916,0.013084620373960697,-0.11793530590161327,-0.01384748743409503,13911,93,29,0.7729784124839403,0.7697002419524219,drop_cologne,leave_one_platform_city,COLOGNE,True,unlock_fee_ge_1_00:Multi-platform,-0.066*,negative
city_sensitivity_unlock_fee_ge_1_00_unit_fe_drop_cologne,ols_cluster,unit_fe,ur_boxcox,unlock_fee_ge_1_00:local_maas_only,-0.03500264404357466,0.010091223802728352,0.0005231343327544931,-0.054781079256855554,-0.01522420883029376,13911,93,29,0.8904919424057425,0.8884714393662233,drop_cologne,leave_one_platform_city,COLOGNE,True,unlock_fee_ge_1_00:Local MaaS only,-0.035***,negative
city_sensitivity_unlock_fee_ge_1_00_unit_fe_drop_cologne,ols_cluster,unit_fe,ur_boxcox,unlock_fee_ge_1_00:multi_platform,-0.08493753089584603,0.008292576333786513,1.2775798213955178e-24,-0.10119068184911681,-0.06868437994257526,13911,93,29,0.8904919424057425,0.8884714393662233,drop_cologne,leave_one_platform_city,COLOGNE,True,unlock_fee_ge_1_00:Multi-platform,-0.085***,negative
city_sensitivity_unlock_fee_ge_1_20_market_fe_drop_cologne,ols_cluster,market_fe,ur_boxcox,unlock_fee_ge_1_20:local_maas_only,-0.21999647199240724,0.037886873930609,6.372859124012459e-09,-0.29425338038321036,-0.14573956360160412,13911,93,29,0.7724347651666761,0.7691487444186453,drop_cologne,leave_one_platform_city,COLOGNE,True,unlock_fee_ge_1_20:Local MaaS only,-0.220***,negative
city_sensitivity_unlock_fee_ge_1_20_market_fe_drop_cologne,ols_cluster,market_fe,ur_boxcox,unlock_fee_ge_1_20:multi_platform,-0.09181416807880571,0.03002060834698486,0.002225436209336212,-0.15065347923287858,-0.03297485692473286,13911,93,29,0.7724347651666761,0.7691487444186453,drop_cologne,leave_one_platform_city,COLOGNE,True,unlock_fee_ge_1_20:Multi-platform,-0.092**,negative
city_sensitivity_unlock_fee_ge_1_20_unit_fe_drop_cologne,ols_cluster,unit_fe,ur_boxcox,unlock_fee_ge_1_20:local_maas_only,-0.03804998331292247,0.010797756412702747,0.00042527896701150024,-0.05921319699565626,-0.01688676963018867,13911,93,29,0.8904180093228858,0.8883961421643976,drop_cologne,leave_one_platform_city,COLOGNE,True,unlock_fee_ge_1_20:Local MaaS only,-0.038***,negative
city_sensitivity_unlock_fee_ge_1_20_unit_fe_drop_cologne,ols_cluster,unit_fe,ur_boxcox,unlock_fee_ge_1_20:multi_platform,-0.0732735914787969,0.01157294051685048,2.428546474474323e-10,-0.0959561380870482,-0.05059104487054561,13911,93,29,0.8904180093228858,0.8883961421643976,drop_cologne,leave_one_platform_city,COLOGNE,True,unlock_fee_ge_1_20:Multi-platform,-0.073***,negative
city_sensitivity_unlock_fee_ge_0_99_market_fe_drop_duesseldorf,ols_cluster,market_fe,ur_boxcox,unlock_fee_ge_0_99:local_maas_only,-0.18751641379231107,0.04289610646981861,1.2344745930722412e-05,-0.27159123755015113,-0.103441590034471,13758,92,29,0.7709602135243178,0.7676327181013303,drop_duesseldorf,leave_one_platform_city,DUESSELDORF,True,unlock_fee_ge_0_99:Local MaaS only,-0.188***,negative
city_sensitivity_unlock_fee_ge_0_99_market_fe_drop_duesseldorf,ols_cluster,market_fe,ur_boxcox,unlock_fee_ge_0_99:multi_platform,-0.10022860256431912,0.052302937469911284,0.05532574493558136,-0.20274047629099573,0.002283271162357492,13758,92,29,0.7709602135243178,0.7676327181013303,drop_duesseldorf,leave_one_platform_city,DUESSELDORF,False,unlock_fee_ge_0_99:Multi-platform,-0.100+,negative
city_sensitivity_unlock_fee_ge_0_99_unit_fe_drop_duesseldorf,ols_cluster,unit_fe,ur_boxcox,unlock_fee_ge_0_99:local_maas_only,-0.047788725661810874,0.010787093104199147,9.415602277531787e-06,-0.06893103964392158,-0.026646411679700173,13758,92,29,0.8987856993975973,0.8969046991420663,drop_duesseldorf,leave_one_platform_city,DUESSELDORF,True,unlock_fee_ge_0_99:Local MaaS only,-0.048***,negative
city_sensitivity_unlock_fee_ge_0_99_unit_fe_drop_duesseldorf,ols_cluster,unit_fe,ur_boxcox,unlock_fee_ge_0_99:multi_platform,-0.09672247464356357,0.00532198761637158,8.273600643483403e-74,-0.10715337869782003,-0.0862915705893071,13758,92,29,0.8987856993975973,0.8969046991420663,drop_duesseldorf,leave_one_platform_city,DUESSELDORF,True,unlock_fee_ge_0_99:Multi-platform,-0.097***,negative
city_sensitivity_unlock_fee_ge_1_00_market_fe_drop_duesseldorf,ols_cluster,market_fe,ur_boxcox,unlock_fee_ge_1_00:local_maas_only,-0.19672863693837597,0.041110028192920575,1.706325010727713e-06,-0.27730281159992654,-0.11615446227682541,13758,92,29,0.7702778982292923,0.7669404901135969,drop_duesseldorf,leave_one_platform_city,DUESSELDORF,True,unlock_fee_ge_1_00:Local MaaS only,-0.197***,negative
city_sensitivity_unlock_fee_ge_1_00_market_fe_drop_duesseldorf,ols_cluster,market_fe,ur_boxcox,unlock_fee_ge_1_00:multi_platform,-0.11279766511174528,0.04109669353022956,0.006056816574400474,-0.19334570431467546,-0.0322496259088151,13758,92,29,0.7702778982292923,0.7669404901135969,drop_duesseldorf,leave_one_platform_city,DUESSELDORF,True,unlock_fee_ge_1_00:Multi-platform,-0.113**,negative
city_sensitivity_unlock_fee_ge_1_00_unit_fe_drop_duesseldorf,ols_cluster,unit_fe,ur_boxcox,unlock_fee_ge_1_00:local_maas_only,-0.03965841339838524,0.00860436286924546,4.0440573569097564e-06,-0.05652265473202006,-0.022794172064750415,13758,92,29,0.8988654855350875,0.8969859680516954,drop_duesseldorf,leave_one_platform_city,DUESSELDORF,True,unlock_fee_ge_1_00:Local MaaS only,-0.040***,negative
city_sensitivity_unlock_fee_ge_1_00_unit_fe_drop_duesseldorf,ols_cluster,unit_fe,ur_boxcox,unlock_fee_ge_1_00:multi_platform,-0.0927160895652676,0.005802354548935969,1.788626810190122e-57,-0.10408849550671424,-0.08134368362382095,13758,92,29,0.8988654855350875,0.8969859680516954,drop_duesseldorf,leave_one_platform_city,DUESSELDORF,True,unlock_fee_ge_1_00:Multi-platform,-0.093***,negative
city_sensitivity_unlock_fee_ge_1_20_market_fe_drop_duesseldorf,ols_cluster,market_fe,ur_boxcox,unlock_fee_ge_1_20:local_maas_only,-0.20620386263179238,0.04156896600764278,7.030319495123051e-07,-0.287677538881342,-0.12473018638224277,13758,92,29,0.7737995327904408,0.7705132870647562,drop_duesseldorf,leave_one_platform_city,DUESSELDORF,True,unlock_fee_ge_1_20:Local MaaS only,-0.206***,negative
city_sensitivity_unlock_fee_ge_1_20_market_fe_drop_duesseldorf,ols_cluster,market_fe,ur_boxcox,unlock_fee_ge_1_20:multi_platform,-0.14439689148815385,0.04263789424371431,0.0007076811767454149,-0.22796562858246158,-0.06082815439384612,13758,92,29,0.7737995327904408,0.7705132870647562,drop_duesseldorf,leave_one_platform_city,DUESSELDORF,True,unlock_fee_ge_1_20:Multi-platform,-0.144***,negative
city_sensitivity_unlock_fee_ge_1_20_unit_fe_drop_duesseldorf,ols_cluster,unit_fe,ur_boxcox,unlock_fee_ge_1_20:local_maas_only,-0.03953934367425469,0.010179229366556295,0.000102618364589376,-0.0594902666230775,-0.019588420725431883,13758,92,29,0.8987908313976871,0.8969099265169541,drop_duesseldorf,leave_one_platform_city,DUESSELDORF,True,unlock_fee_ge_1_20:Local MaaS only,-0.040***,negative
city_sensitivity_unlock_fee_ge_1_20_unit_fe_drop_duesseldorf,ols_cluster,unit_fe,ur_boxcox,unlock_fee_ge_1_20:multi_platform,-0.07517094772551967,0.015464894566623418,1.1694333138173978e-06,-0.10548158410081074,-0.04486031135022861,13758,92,29,0.8987908313976871,0.8969099265169541,drop_duesseldorf,leave_one_platform_city,DUESSELDORF,True,unlock_fee_ge_1_20:Multi-platform,-0.075***,negative
city_sensitivity_unlock_fee_ge_0_99_market_fe_drop_hamburg,ols_cluster,market_fe,ur_boxcox,unlock_fee_ge_0_99:local_maas_only,-0.1927387240695364,0.040765419924261456,2.267471513939199e-06,-0.2726374789357404,-0.11283996920333242,13911,93,29,0.7655029182168143,0.7621168022459077,drop_hamburg,leave_one_platform_city,HAMBURG,True,unlock_fee_ge_0_99:Local MaaS only,-0.193***,negative
city_sensitivity_unlock_fee_ge_0_99_market_fe_drop_hamburg,ols_cluster,market_fe,ur_boxcox,unlock_fee_ge_0_99:multi_platform,-0.08511443306075861,0.04150743514816842,0.04030759168526114,-0.1664675110418007,-0.003761355079716547,13911,93,29,0.7655029182168143,0.7621168022459077,drop_hamburg,leave_one_platform_city,HAMBURG,True,unlock_fee_ge_0_99:Multi-platform,-0.085*,negative
city_sensitivity_unlock_fee_ge_0_99_unit_fe_drop_hamburg,ols_cluster,unit_fe,ur_boxcox,unlock_fee_ge_0_99:local_maas_only,-0.04226185966910198,0.012270481424539705,0.0005727747252166714,-0.06631156133416755,-0.018212158004036423,13911,93,29,0.8961754790403166,0.8942598413714162,drop_hamburg,leave_one_platform_city,HAMBURG,True,unlock_fee_ge_0_99:Local MaaS only,-0.042***,negative
city_sensitivity_unlock_fee_ge_0_99_unit_fe_drop_hamburg,ols_cluster,unit_fe,ur_boxcox,unlock_fee_ge_0_99:multi_platform,-0.08409043655173906,0.009284363287437727,1.3382865121380207e-19,-0.1022874542145029,-0.06589341888897522,13911,93,29,0.8961754790403166,0.8942598413714162,drop_hamburg,leave_one_platform_city,HAMBURG,True,unlock_fee_ge_0_99:Multi-platform,-0.084***,negative
city_sensitivity_unlock_fee_ge_1_00_market_fe_drop_hamburg,ols_cluster,market_fe,ur_boxcox,unlock_fee_ge_1_00:local_maas_only,-0.20945853382442636,0.039361429072039156,1.029627179585114e-07,-0.28660551718565097,-0.13231155046320178,13911,93,29,0.7658968756940097,0.7625164484322984,drop_hamburg,leave_one_platform_city,HAMBURG,True,unlock_fee_ge_1_00:Local MaaS only,-0.209***,negative
city_sensitivity_unlock_fee_ge_1_00_market_fe_drop_hamburg,ols_cluster,market_fe,ur_boxcox,unlock_fee_ge_1_00:multi_platform,-0.1232649321097929,0.03963148815645975,0.001869115553095602,-0.2009412215501797,-0.0455886426694061,13911,93,29,0.7658968756940097,0.7625164484322984,drop_hamburg,leave_one_platform_city,HAMBURG,True,unlock_fee_ge_1_00:Multi-platform,-0.123**,negative
city_sensitivity_unlock_fee_ge_1_00_unit_fe_drop_hamburg,ols_cluster,unit_fe,ur_boxcox,unlock_fee_ge_1_00:local_maas_only,-0.03422818129960867,0.010228346030040664,0.0008186692861338341,-0.05427537113990161,-0.014180991459315725,13911,93,29,0.8962574390245759,0.8943433135767939,drop_hamburg,leave_one_platform_city,HAMBURG,True,unlock_fee_ge_1_00:Local MaaS only,-0.034***,negative
city_sensitivity_unlock_fee_ge_1_00_unit_fe_drop_hamburg,ols_cluster,unit_fe,ur_boxcox,unlock_fee_ge_1_00:multi_platform,-0.08376096452046324,0.008121464557549894,6.121112349541151e-25,-0.09967874255497955,-0.06784318648594692,13911,93,29,0.8962574390245759,0.8943433135767939,drop_hamburg,leave_one_platform_city,HAMBURG,True,unlock_fee_ge_1_00:Multi-platform,-0.084***,negative
city_sensitivity_unlock_fee_ge_1_20_market_fe_drop_hamburg,ols_cluster,market_fe,ur_boxcox,unlock_fee_ge_1_20:local_maas_only,-0.2186131066016229,0.040043054874098954,4.77608410146393e-08,-0.2970960519858179,-0.14013016121742788,13911,93,29,0.7694310242874691,0.7661016298015385,drop_hamburg,leave_one_platform_city,HAMBURG,True,unlock_fee_ge_1_20:Local MaaS only,-0.219***,negative
city_sensitivity_unlock_fee_ge_1_20_market_fe_drop_hamburg,ols_cluster,market_fe,ur_boxcox,unlock_fee_ge_1_20:multi_platform,-0.15286492194610105,0.04136377506635175,0.00021934818332221623,-0.23393643134076636,-0.07179341255143573,13911,93,29,0.7694310242874691,0.7661016298015385,drop_hamburg,leave_one_platform_city,HAMBURG,True,unlock_fee_ge_1_20:Multi-platform,-0.153***,negative
city_sensitivity_unlock_fee_ge_1_20_unit_fe_drop_hamburg,ols_cluster,unit_fe,ur_boxcox,unlock_fee_ge_1_20:local_maas_only,-0.03750523395224785,0.011062603195086111,0.0006982330593737339,-0.05918753778987436,-0.015822930114621343,13911,93,29,0.8961862135611339,0.8942707739519237,drop_hamburg,leave_one_platform_city,HAMBURG,True,unlock_fee_ge_1_20:Local MaaS only,-0.038***,negative
city_sensitivity_unlock_fee_ge_1_20_unit_fe_drop_hamburg,ols_cluster,unit_fe,ur_boxcox,unlock_fee_ge_1_20:multi_platform,-0.07200349104507268,0.011593484969408683,5.275390149183047e-10,-0.09472630404042015,-0.04928067804972522,13911,93,29,0.8961862135611339,0.8942707739519237,drop_hamburg,leave_one_platform_city,HAMBURG,True,unlock_fee_ge_1_20:Multi-platform,-0.072***,negative
city_sensitivity_unlock_fee_ge_0_99_market_fe_drop_heidelberg,ols_cluster,market_fe,ur_boxcox,unlock_fee_ge_0_99:local_maas_only,-0.184283633771942,0.042764506960096135,1.6379730020131873e-05,-0.2681005272303429,-0.10046674031354112,14055,94,29,0.7741926443815613,0.7709658937744271,drop_heidelberg,leave_one_platform_city,HEIDELBERG,True,unlock_fee_ge_0_99:Local MaaS only,-0.184***,negative
city_sensitivity_unlock_fee_ge_0_99_market_fe_drop_heidelberg,ols_cluster,market_fe,ur_boxcox,unlock_fee_ge_0_99:multi_platform,-0.08373487154217742,0.04204684965083907,0.04642967940528796,-0.16614518252119254,-0.001324560563162297,14055,94,29,0.7741926443815613,0.7709658937744271,drop_heidelberg,leave_one_platform_city,HEIDELBERG,True,unlock_fee_ge_0_99:Multi-platform,-0.084*,negative
city_sensitivity_unlock_fee_ge_0_99_unit_fe_drop_heidelberg,ols_cluster,unit_fe,ur_boxcox,unlock_fee_ge_0_99:local_maas_only,-0.04032067679341831,0.012718869564059578,0.0015236222316054294,-0.06524920306303775,-0.01539215052379888,14055,94,29,0.8996232798673149,0.8977831733392685,drop_heidelberg,leave_one_platform_city,HEIDELBERG,True,unlock_fee_ge_0_99:Local MaaS only,-0.040**,negative
city_sensitivity_unlock_fee_ge_0_99_unit_fe_drop_heidelberg,ols_cluster,unit_fe,ur_boxcox,unlock_fee_ge_0_99:multi_platform,-0.08670779589013673,0.009448373890956126,4.432383770358035e-20,-0.10522626842887932,-0.06818932335139415,14055,94,29,0.8996232798673149,0.8977831733392685,drop_heidelberg,leave_one_platform_city,HEIDELBERG,True,unlock_fee_ge_0_99:Multi-platform,-0.087***,negative
city_sensitivity_unlock_fee_ge_1_00_market_fe_drop_heidelberg,ols_cluster,market_fe,ur_boxcox,unlock_fee_ge_1_00:local_maas_only,-0.1956617827577233,0.041258204972370614,2.112296151539332e-06,-0.27652637857034107,-0.11479718694510553,14055,94,29,0.773643711241494,0.7704091164685303,drop_heidelberg,leave_one_platform_city,HEIDELBERG,True,unlock_fee_ge_1_00:Local MaaS only,-0.196***,negative
city_sensitivity_unlock_fee_ge_1_00_market_fe_drop_heidelberg,ols_cluster,market_fe,ur_boxcox,unlock_fee_ge_1_00:multi_platform,-0.10672198390180959,0.03657246411759538,0.003521752074003215,-0.17840269639817996,-0.03504127140543921,14055,94,29,0.773643711241494,0.7704091164685303,drop_heidelberg,leave_one_platform_city,HEIDELBERG,True,unlock_fee_ge_1_00:Multi-platform,-0.107**,negative
city_sensitivity_unlock_fee_ge_1_00_unit_fe_drop_heidelberg,ols_cluster,unit_fe,ur_boxcox,unlock_fee_ge_1_00:local_maas_only,-0.029722716553809727,0.008152004269734642,0.0002662893010241251,-0.045700351324306374,-0.013745081783313084,14055,94,29,0.8997183223588929,0.8978799581502703,drop_heidelberg,leave_one_platform_city,HEIDELBERG,True,unlock_fee_ge_1_00:Local MaaS only,-0.030***,negative
city_sensitivity_unlock_fee_ge_1_00_unit_fe_drop_heidelberg,ols_cluster,unit_fe,ur_boxcox,unlock_fee_ge_1_00:multi_platform,-0.08583245312395874,0.008123097603299472,4.26245468811903e-26,-0.10175343186932934,-0.06991147437858813,14055,94,29,0.8997183223588929,0.8978799581502703,drop_heidelberg,leave_one_platform_city,HEIDELBERG,True,unlock_fee_ge_1_00:Multi-platform,-0.086***,negative
city_sensitivity_unlock_fee_ge_1_20_market_fe_drop_heidelberg,ols_cluster,market_fe,ur_boxcox,unlock_fee_ge_1_20:local_maas_only,-0.2038575743699375,0.042456002342003606,1.5738743600304147e-06,-0.2870698098878128,-0.12064533885206226,14055,94,29,0.777248060794704,0.7740649715941664,drop_heidelberg,leave_one_platform_city,HEIDELBERG,True,unlock_fee_ge_1_20:Local MaaS only,-0.204***,negative
city_sensitivity_unlock_fee_ge_1_20_market_fe_drop_heidelberg,ols_cluster,market_fe,ur_boxcox,unlock_fee_ge_1_20:multi_platform,-0.1401187836834997,0.039768082865095845,0.00042605104950174904,-0.218062793833292,-0.0621747735337074,14055,94,29,0.777248060794704,0.7740649715941664,drop_heidelberg,leave_one_platform_city,HEIDELBERG,True,unlock_fee_ge_1_20:Multi-platform,-0.140***,negative
city_sensitivity_unlock_fee_ge_1_20_unit_fe_drop_heidelberg,ols_cluster,unit_fe,ur_boxcox,unlock_fee_ge_1_20:local_maas_only,-0.030608093247553043,0.00773124970546619,7.526115314218942e-05,-0.04576106422575268,-0.015455122269353411,14055,94,29,0.8996531567972372,0.8978135979732174,drop_heidelberg,leave_one_platform_city,HEIDELBERG,True,unlock_fee_ge_1_20:Local MaaS only,-0.031***,negative
city_sensitivity_unlock_fee_ge_1_20_unit_fe_drop_heidelberg,ols_cluster,unit_fe,ur_boxcox,unlock_fee_ge_1_20:multi_platform,-0.07421035874801407,0.01143664027928491,8.650830762455279e-11,-0.0966257617995526,-0.05179495569647554,14055,94,29,0.8996531567972372,0.8978135979732174,drop_heidelberg,leave_one_platform_city,HEIDELBERG,True,unlock_fee_ge_1_20:Multi-platform,-0.074***,negative
city_sensitivity_unlock_fee_ge_0_99_market_fe_drop_kaiserslautern,ols_cluster,market_fe,ur_boxcox,unlock_fee_ge_0_99:local_maas_only,-0.19246128362834275,0.03886644598208356,7.35066607990165e-07,-0.268638117960298,-0.11628444929638748,14208,95,29,0.7797243294480691,0.7766110035312098,drop_kaiserslautern,leave_one_platform_city,KAISERSLAUTERN,True,unlock_fee_ge_0_99:Local MaaS only,-0.192***,negative
city_sensitivity_unlock_fee_ge_0_99_market_fe_drop_kaiserslautern,ols_cluster,market_fe,ur_boxcox,unlock_fee_ge_0_99:multi_platform,-0.08527005036988222,0.04134155517986823,0.03915304297820124,-0.16629800958729926,-0.004242091152465183,14208,95,29,0.7797243294480691,0.7766110035312098,drop_kaiserslautern,leave_one_platform_city,KAISERSLAUTERN,True,unlock_fee_ge_0_99:Multi-platform,-0.085*,negative
city_sensitivity_unlock_fee_ge_0_99_unit_fe_drop_kaiserslautern,ols_cluster,unit_fe,ur_boxcox,unlock_fee_ge_0_99:local_maas_only,-0.04488926319827504,0.013634227827796812,0.0009933799219240928,-0.07161185869777056,-0.018166667698779514,14208,95,29,0.9021084908567604,0.900326476714828,drop_kaiserslautern,leave_one_platform_city,KAISERSLAUTERN,True,unlock_fee_ge_0_99:Local MaaS only,-0.045***,negative
city_sensitivity_unlock_fee_ge_0_99_unit_fe_drop_kaiserslautern,ols_cluster,unit_fe,ur_boxcox,unlock_fee_ge_0_99:multi_platform,-0.08517807201521199,0.009205704255115346,2.1879150986736995e-20,-0.1032209208075652,-0.06713522322285878,14208,95,29,0.9021084908567604,0.900326476714828,drop_kaiserslautern,leave_one_platform_city,KAISERSLAUTERN,True,unlock_fee_ge_0_99:Multi-platform,-0.085***,negative
city_sensitivity_unlock_fee_ge_1_00_market_fe_drop_kaiserslautern,ols_cluster,market_fe,ur_boxcox,unlock_fee_ge_1_00:local_maas_only,-0.20198481977997523,0.036133034332925626,2.2702771241399137e-08,-0.2728042657246587,-0.13116537383529175,14208,95,29,0.7788924577661995,0.7757673743653649,drop_kaiserslautern,leave_one_platform_city,KAISERSLAUTERN,True,unlock_fee_ge_1_00:Local MaaS only,-0.202***,negative
city_sensitivity_unlock_fee_ge_1_00_market_fe_drop_kaiserslautern,ols_cluster,market_fe,ur_boxcox,unlock_fee_ge_1_00:multi_platform,-0.10496622644959216,0.03501476730409312,0.002719626452569818,-0.17359390929266533,-0.036338543606519,14208,95,29,0.7788924577661995,0.7757673743653649,drop_kaiserslautern,leave_one_platform_city,KAISERSLAUTERN,True,unlock_fee_ge_1_00:Multi-platform,-0.105**,negative
city_sensitivity_unlock_fee_ge_1_00_unit_fe_drop_kaiserslautern,ols_cluster,unit_fe,ur_boxcox,unlock_fee_ge_1_00:local_maas_only,-0.03531408607863909,0.011480370555797047,0.002097692707540521,-0.05781519889717539,-0.012812973260102795,14208,95,29,0.9021810366329225,0.9004003431121572,drop_kaiserslautern,leave_one_platform_city,KAISERSLAUTERN,True,unlock_fee_ge_1_00:Local MaaS only,-0.035**,negative
city_sensitivity_unlock_fee_ge_1_00_unit_fe_drop_kaiserslautern,ols_cluster,unit_fe,ur_boxcox,unlock_fee_ge_1_00:multi_platform,-0.08471420633183105,0.007999415701950442,3.314174049079304e-26,-0.10039277300501812,-0.06903563965864398,14208,95,29,0.9021810366329225,0.9004003431121572,drop_kaiserslautern,leave_one_platform_city,KAISERSLAUTERN,True,unlock_fee_ge_1_00:Multi-platform,-0.085***,negative
city_sensitivity_unlock_fee_ge_1_20_market_fe_drop_kaiserslautern,ols_cluster,market_fe,ur_boxcox,unlock_fee_ge_1_20:local_maas_only,-0.2074905874807904,0.036299738247619805,1.0903805624470074e-08,-0.2786367670943563,-0.13634440786722452,14208,95,29,0.7820719305044871,0.7789917850437039,drop_kaiserslautern,leave_one_platform_city,KAISERSLAUTERN,True,unlock_fee_ge_1_20:Local MaaS only,-0.207***,negative
city_sensitivity_unlock_fee_ge_1_20_market_fe_drop_kaiserslautern,ols_cluster,market_fe,ur_boxcox,unlock_fee_ge_1_20:multi_platform,-0.13585617219892113,0.03787333169096078,0.0003343509297911481,-0.2100865382877437,-0.06162580611009853,14208,95,29,0.7820719305044871,0.7789917850437039,drop_kaiserslautern,leave_one_platform_city,KAISERSLAUTERN,True,unlock_fee_ge_1_20:Multi-platform,-0.136***,negative
city_sensitivity_unlock_fee_ge_1_20_unit_fe_drop_kaiserslautern,ols_cluster,unit_fe,ur_boxcox,unlock_fee_ge_1_20:local_maas_only,-0.03860711169706111,0.013633437019301559,0.00462873769852114,-0.06532815724038726,-0.011886066153734949,14208,95,29,0.9021147528260355,0.9003328526768068,drop_kaiserslautern,leave_one_platform_city,KAISERSLAUTERN,True,unlock_fee_ge_1_20:Local MaaS only,-0.039**,negative
city_sensitivity_unlock_fee_ge_1_20_unit_fe_drop_kaiserslautern,ols_cluster,unit_fe,ur_boxcox,unlock_fee_ge_1_20:multi_platform,-0.0729886563317311,0.011500879794287615,2.204773545428268e-10,-0.09552996651905925,-0.05044734614440295,14208,95,29,0.9021147528260355,0.9003328526768068,drop_kaiserslautern,leave_one_platform_city,KAISERSLAUTERN,True,unlock_fee_ge_1_20:Multi-platform,-0.073***,negative
city_sensitivity_unlock_fee_ge_0_99_market_fe_drop_karlsruhe,ols_cluster,market_fe,ur_boxcox,unlock_fee_ge_0_99:local_maas_only,-0.1780170199685481,0.039743870675425584,7.495621529435858e-06,-0.25591357509859985,-0.10012046483849636,13982,93,29,0.7729989390294338,0.7697379501248287,drop_karlsruhe,leave_one_platform_city,KARLSRUHE,True,unlock_fee_ge_0_99:Local MaaS only,-0.178***,negative
city_sensitivity_unlock_fee_ge_0_99_market_fe_drop_karlsruhe,ols_cluster,market_fe,ur_boxcox,unlock_fee_ge_0_99:multi_platform,-0.08859086777981764,0.0415653356304564,0.03305915088293358,-0.17005742862083165,-0.007124306938803643,13982,93,29,0.7729989390294338,0.7697379501248287,drop_karlsruhe,leave_one_platform_city,KARLSRUHE,True,unlock_fee_ge_0_99:Multi-platform,-0.089*,negative
city_sensitivity_unlock_fee_ge_0_99_unit_fe_drop_karlsruhe,ols_cluster,unit_fe,ur_boxcox,unlock_fee_ge_0_99:local_maas_only,-0.03569122323378536,0.010289495311130195,0.0005229734762434846,-0.055858263462694305,-0.01552418300487642,13982,93,29,0.89606625461444,0.8941585188844406,drop_karlsruhe,leave_one_platform_city,KARLSRUHE,True,unlock_fee_ge_0_99:Local MaaS only,-0.036***,negative
city_sensitivity_unlock_fee_ge_0_99_unit_fe_drop_karlsruhe,ols_cluster,unit_fe,ur_boxcox,unlock_fee_ge_0_99:multi_platform,-0.08635051829110285,0.009077820516595413,1.865785135721212e-21,-0.10414271956174864,-0.06855831702045706,13982,93,29,0.89606625461444,0.8941585188844406,drop_karlsruhe,leave_one_platform_city,KARLSRUHE,True,unlock_fee_ge_0_99:Multi-platform,-0.086***,negative
city_sensitivity_unlock_fee_ge_1_00_market_fe_drop_karlsruhe,ols_cluster,market_fe,ur_boxcox,unlock_fee_ge_1_00:local_maas_only,-0.19238669431197622,0.03943848932619957,1.0708784990467745e-06,-0.2696847129959947,-0.11508867562795773,13982,93,29,0.7726634210637497,0.7693976122681772,drop_karlsruhe,leave_one_platform_city,KARLSRUHE,True,unlock_fee_ge_1_00:Local MaaS only,-0.192***,negative
city_sensitivity_unlock_fee_ge_1_00_market_fe_drop_karlsruhe,ols_cluster,market_fe,ur_boxcox,unlock_fee_ge_1_00:multi_platform,-0.10451904450630434,0.03607893830995333,0.0037680433972740795,-0.17523246419425526,-0.033805624818353405,13982,93,29,0.7726634210637497,0.7693976122681772,drop_karlsruhe,leave_one_platform_city,KARLSRUHE,True,unlock_fee_ge_1_00:Multi-platform,-0.105**,negative
city_sensitivity_unlock_fee_ge_1_00_unit_fe_drop_karlsruhe,ols_cluster,unit_fe,ur_boxcox,unlock_fee_ge_1_00:local_maas_only,-0.03569122323378155,0.010289495311131528,0.0005229734762450798,-0.055858263462693104,-0.015524183004869997,13982,93,29,0.89606625461444,0.8941585188844406,drop_karlsruhe,leave_one_platform_city,KARLSRUHE,True,unlock_fee_ge_1_00:Local MaaS only,-0.036***,negative
city_sensitivity_unlock_fee_ge_1_00_unit_fe_drop_karlsruhe,ols_cluster,unit_fe,ur_boxcox,unlock_fee_ge_1_00:multi_platform,-0.08635051829109452,0.009077820516594476,1.8657851357200595e-21,-0.10414271956173848,-0.06855831702045057,13982,93,29,0.89606625461444,0.8941585188844406,drop_karlsruhe,leave_one_platform_city,KARLSRUHE,True,unlock_fee_ge_1_00:Multi-platform,-0.086***,negative
city_sensitivity_unlock_fee_ge_1_20_market_fe_drop_karlsruhe,ols_cluster,market_fe,ur_boxcox,unlock_fee_ge_1_20:local_maas_only,-0.19947328947632442,0.0393373883865808,3.9608021504974717e-07,-0.27657315395988696,-0.12237342499276187,13982,93,29,0.7754219132901948,0.7721957316774443,drop_karlsruhe,leave_one_platform_city,KARLSRUHE,True,unlock_fee_ge_1_20:Local MaaS only,-0.199***,negative
city_sensitivity_unlock_fee_ge_1_20_market_fe_drop_karlsruhe,ols_cluster,market_fe,ur_boxcox,unlock_fee_ge_1_20:multi_platform,-0.12979093107448691,0.039052587583964814,0.0008889822834101148,-0.20633259624215405,-0.05324926590681979,13982,93,29,0.7754219132901948,0.7721957316774443,drop_karlsruhe,leave_one_platform_city,KARLSRUHE,True,unlock_fee_ge_1_20:Multi-platform,-0.130***,negative
city_sensitivity_unlock_fee_ge_1_20_unit_fe_drop_karlsruhe,ols_cluster,unit_fe,ur_boxcox,unlock_fee_ge_1_20:local_maas_only,-0.040267407231380684,0.011163826875405044,0.00030981285408698513,-0.06214810583681489,-0.018386708625946473,13982,93,29,0.896006182425264,0.894097344051833,drop_karlsruhe,leave_one_platform_city,KARLSRUHE,True,unlock_fee_ge_1_20:Local MaaS only,-0.040***,negative
city_sensitivity_unlock_fee_ge_1_20_unit_fe_drop_karlsruhe,ols_cluster,unit_fe,ur_boxcox,unlock_fee_ge_1_20:multi_platform,-0.06939769596757815,0.014490675923066207,1.6750794882970587e-06,-0.09779889888842962,-0.04099649304672669,13982,93,29,0.896006182425264,0.894097344051833,drop_karlsruhe,leave_one_platform_city,KARLSRUHE,True,unlock_fee_ge_1_20:Multi-platform,-0.069***,negative
city_sensitivity_unlock_fee_ge_0_99_market_fe_drop_leipzig,ols_cluster,market_fe,ur_boxcox,unlock_fee_ge_0_99:local_maas_only,-0.19931882297728576,0.04135404024491688,1.4369141475528183e-06,-0.2803712524725428,-0.11826639348202872,14064,94,29,0.7718490252672723,0.768590900997739,drop_leipzig,leave_one_platform_city,LEIPZIG,True,unlock_fee_ge_0_99:Local MaaS only,-0.199***,negative
city_sensitivity_unlock_fee_ge_0_99_market_fe_drop_leipzig,ols_cluster,market_fe,ur_boxcox,unlock_fee_ge_0_99:multi_platform,-0.09299938695801147,0.04290065311203176,0.030175058128893876,-0.17708312197083992,-0.008915651945183026,14064,94,29,0.7718490252672723,0.768590900997739,drop_leipzig,leave_one_platform_city,LEIPZIG,True,unlock_fee_ge_0_99:Multi-platform,-0.093*,negative
city_sensitivity_unlock_fee_ge_0_99_unit_fe_drop_leipzig,ols_cluster,unit_fe,ur_boxcox,unlock_fee_ge_0_99:local_maas_only,-0.04351734463402688,0.013775934221637207,0.0015834428384180253,-0.07051767956182863,-0.01651700970622513,14064,94,29,0.9009355030151277,0.8991206356916539,drop_leipzig,leave_one_platform_city,LEIPZIG,True,unlock_fee_ge_0_99:Local MaaS only,-0.044**,negative
city_sensitivity_unlock_fee_ge_0_99_unit_fe_drop_leipzig,ols_cluster,unit_fe,ur_boxcox,unlock_fee_ge_0_99:multi_platform,-0.08441107035214977,0.009355349363857018,1.8340936781524855e-19,-0.10274721816809923,-0.06607492253620031,14064,94,29,0.9009355030151277,0.8991206356916539,drop_leipzig,leave_one_platform_city,LEIPZIG,True,unlock_fee_ge_0_99:Multi-platform,-0.084***,negative
city_sensitivity_unlock_fee_ge_1_00_market_fe_drop_leipzig,ols_cluster,market_fe,ur_boxcox,unlock_fee_ge_1_00:local_maas_only,-0.20210006979973813,0.039814301850622257,3.8532716003354144e-07,-0.2801346674965642,-0.12406547210291208,14064,94,29,0.771118142385272,0.7678663231187134,drop_leipzig,leave_one_platform_city,LEIPZIG,True,unlock_fee_ge_1_00:Local MaaS only,-0.202***,negative
city_sensitivity_unlock_fee_ge_1_00_market_fe_drop_leipzig,ols_cluster,market_fe,ur_boxcox,unlock_fee_ge_1_00:multi_platform,-0.109201766035789,0.03555550879013335,0.0021312624508954456,-0.17888928271644766,-0.03951424935513033,14064,94,29,0.771118142385272,0.7678663231187134,drop_leipzig,leave_one_platform_city,LEIPZIG,True,unlock_fee_ge_1_00:Multi-platform,-0.109**,negative
city_sensitivity_unlock_fee_ge_1_00_unit_fe_drop_leipzig,ols_cluster,unit_fe,ur_boxcox,unlock_fee_ge_1_00:local_maas_only,-0.03389076520735485,0.011467919342504346,0.0031239842220355135,-0.05636747409627363,-0.011414056318436078,14064,94,29,0.9010139595560375,0.8992005295609381,drop_leipzig,leave_one_platform_city,LEIPZIG,True,unlock_fee_ge_1_00:Local MaaS only,-0.034**,negative
city_sensitivity_unlock_fee_ge_1_00_unit_fe_drop_leipzig,ols_cluster,unit_fe,ur_boxcox,unlock_fee_ge_1_00:multi_platform,-0.08386513111386845,0.008105210470216348,4.315163361374841e-25,-0.09975105172260945,-0.06797921050512745,14064,94,29,0.9010139595560375,0.8992005295609381,drop_leipzig,leave_one_platform_city,LEIPZIG,True,unlock_fee_ge_1_00:Multi-platform,-0.084***,negative
city_sensitivity_unlock_fee_ge_1_20_market_fe_drop_leipzig,ols_cluster,market_fe,ur_boxcox,unlock_fee_ge_1_20:local_maas_only,-0.2140525474552254,0.040020800059634674,8.86702836885174e-08,-0.2924918742045878,-0.13561322070586299,14064,94,29,0.7748999941445236,0.7716854394269337,drop_leipzig,leave_one_platform_city,LEIPZIG,True,unlock_fee_ge_1_20:Local MaaS only,-0.214***,negative
city_sensitivity_unlock_fee_ge_1_20_market_fe_drop_leipzig,ols_cluster,market_fe,ur_boxcox,unlock_fee_ge_1_20:multi_platform,-0.13542213302209927,0.039124074433712824,0.0005374726286444132,-0.2121039098406407,-0.05874035620355782,14064,94,29,0.7748999941445236,0.7716854394269337,drop_leipzig,leave_one_platform_city,LEIPZIG,True,unlock_fee_ge_1_20:Multi-platform,-0.135***,negative
city_sensitivity_unlock_fee_ge_1_20_unit_fe_drop_leipzig,ols_cluster,unit_fe,ur_boxcox,unlock_fee_ge_1_20:local_maas_only,-0.033890765207349835,0.011467919342506674,0.003123984222046014,-0.05636747409627317,-0.011414056318426496,14064,94,29,0.9010139595560375,0.8992005295609381,drop_leipzig,leave_one_platform_city,LEIPZIG,True,unlock_fee_ge_1_20:Local MaaS only,-0.034**,negative
city_sensitivity_unlock_fee_ge_1_20_unit_fe_drop_leipzig,ols_cluster,unit_fe,ur_boxcox,unlock_fee_ge_1_20:multi_platform,-0.08386513111386215,0.008105210470217294,4.315163361464202e-25,-0.09975105172260501,-0.06797921050511929,14064,94,29,0.9010139595560375,0.8992005295609381,drop_leipzig,leave_one_platform_city,LEIPZIG,True,unlock_fee_ge_1_20:Multi-platform,-0.084***,negative
city_sensitivity_unlock_fee_ge_0_99_market_fe_drop_mannheim,ols_cluster,market_fe,ur_boxcox,unlock_fee_ge_0_99:local_maas_only,-0.1885553560344689,0.04492284487516158,2.7009745969131415e-05,-0.27660251407286535,-0.10050819799607247,14055,94,29,0.7748791252927753,0.7716621843868838,drop_mannheim,leave_one_platform_city,MANNHEIM,True,unlock_fee_ge_0_99:Local MaaS only,-0.189***,negative
city_sensitivity_unlock_fee_ge_0_99_market_fe_drop_mannheim,ols_cluster,market_fe,ur_boxcox,unlock_fee_ge_0_99:multi_platform,-0.08174263909617953,0.04160255335529309,0.0494319848523104,-0.16328214533745997,-0.00020313285489909072,14055,94,29,0.7748791252927753,0.7716621843868838,drop_mannheim,leave_one_platform_city,MANNHEIM,True,unlock_fee_ge_0_99:Multi-platform,-0.082*,negative
city_sensitivity_unlock_fee_ge_0_99_unit_fe_drop_mannheim,ols_cluster,unit_fe,ur_boxcox,unlock_fee_ge_0_99:local_maas_only,-0.047581838085333346,0.01214589512902842,8.946306745374965e-05,-0.07138735509822952,-0.02377632107243717,14055,94,29,0.9000858404683267,0.8982542136034971,drop_mannheim,leave_one_platform_city,MANNHEIM,True,unlock_fee_ge_0_99:Local MaaS only,-0.048***,negative
city_sensitivity_unlock_fee_ge_0_99_unit_fe_drop_mannheim,ols_cluster,unit_fe,ur_boxcox,unlock_fee_ge_0_99:multi_platform,-0.08490779261087017,0.008783269742610244,4.1644078229754705e-22,-0.10212268497288664,-0.0676929002488537,14055,94,29,0.9000858404683267,0.8982542136034971,drop_mannheim,leave_one_platform_city,MANNHEIM,True,unlock_fee_ge_0_99:Multi-platform,-0.085***,negative
city_sensitivity_unlock_fee_ge_1_00_market_fe_drop_mannheim,ols_cluster,market_fe,ur_boxcox,unlock_fee_ge_1_00:local_maas_only,-0.19757240961050912,0.04295582800407506,4.23644461622203e-06,-0.2817642854245933,-0.11338053379642493,14055,94,29,0.7739594196353266,0.7707293362842724,drop_mannheim,leave_one_platform_city,MANNHEIM,True,unlock_fee_ge_1_00:Local MaaS only,-0.198***,negative
city_sensitivity_unlock_fee_ge_1_00_market_fe_drop_mannheim,ols_cluster,market_fe,ur_boxcox,unlock_fee_ge_1_00:multi_platform,-0.10133477391089939,0.036384594192042166,0.005351103298357386,-0.17264726811940725,-0.03002227970239152,14055,94,29,0.7739594196353266,0.7707293362842724,drop_mannheim,leave_one_platform_city,MANNHEIM,True,unlock_fee_ge_1_00:Multi-platform,-0.101**,negative
city_sensitivity_unlock_fee_ge_1_00_unit_fe_drop_mannheim,ols_cluster,unit_fe,ur_boxcox,unlock_fee_ge_1_00:local_maas_only,-0.03894615672584253,0.009633964566832654,5.286429435605309e-05,-0.057828380305169555,-0.020063933146515504,14055,94,29,0.9001473938942322,0.8983168954271096,drop_mannheim,leave_one_platform_city,MANNHEIM,True,unlock_fee_ge_1_00:Local MaaS only,-0.039***,negative
city_sensitivity_unlock_fee_ge_1_00_unit_fe_drop_mannheim,ols_cluster,unit_fe,ur_boxcox,unlock_fee_ge_1_00:multi_platform,-0.08425858804009038,0.007656408329693778,3.6161319963769184e-28,-0.09926487261722267,-0.0692523034629581,14055,94,29,0.9001473938942322,0.8983168954271096,drop_mannheim,leave_one_platform_city,MANNHEIM,True,unlock_fee_ge_1_00:Multi-platform,-0.084***,negative
city_sensitivity_unlock_fee_ge_1_20_market_fe_drop_mannheim,ols_cluster,market_fe,ur_boxcox,unlock_fee_ge_1_20:local_maas_only,-0.20579827797269587,0.04406307688985626,3.004118038061532e-06,-0.2921603217248333,-0.11943623422055842,14055,94,29,0.7770432101676223,0.7738571936847405,drop_mannheim,leave_one_platform_city,MANNHEIM,True,unlock_fee_ge_1_20:Local MaaS only,-0.206***,negative
city_sensitivity_unlock_fee_ge_1_20_market_fe_drop_mannheim,ols_cluster,market_fe,ur_boxcox,unlock_fee_ge_1_20:multi_platform,-0.1328269724658795,0.039936377543732644,0.0008811316202640695,-0.21110083412458966,-0.05455311080716932,14055,94,29,0.7770432101676223,0.7738571936847405,drop_mannheim,leave_one_platform_city,MANNHEIM,True,unlock_fee_ge_1_20:Multi-platform,-0.133***,negative
city_sensitivity_unlock_fee_ge_1_20_unit_fe_drop_mannheim,ols_cluster,unit_fe,ur_boxcox,unlock_fee_ge_1_20:local_maas_only,-0.04375620216520642,0.010903475269570627,5.9938960699679634e-05,-0.065126620999888,-0.022385783330524833,14055,94,29,0.9000794731429997,0.8982477295523309,drop_mannheim,leave_one_platform_city,MANNHEIM,True,unlock_fee_ge_1_20:Local MaaS only,-0.044***,negative
city_sensitivity_unlock_fee_ge_1_20_unit_fe_drop_mannheim,ols_cluster,unit_fe,ur_boxcox,unlock_fee_ge_1_20:multi_platform,-0.07244744478200804,0.011478931586762949,2.7662896816642443e-10,-0.09494573727306263,-0.04994915229095345,14055,94,29,0.9000794731429997,0.8982477295523309,drop_mannheim,leave_one_platform_city,MANNHEIM,True,unlock_fee_ge_1_20:Multi-platform,-0.072***,negative
city_sensitivity_unlock_fee_ge_0_99_market_fe_drop_munich,ols_cluster,market_fe,ur_boxcox,unlock_fee_ge_0_99:local_maas_only,-0.19944296578965964,0.040683345663658194,9.470917378308869e-07,-0.2791808580610235,-0.1197050735182958,14064,94,29,0.779987427125423,0.7768455238128253,drop_munich,leave_one_platform_city,MUNICH,True,unlock_fee_ge_0_99:Local MaaS only,-0.199***,negative
city_sensitivity_unlock_fee_ge_0_99_market_fe_drop_munich,ols_cluster,market_fe,ur_boxcox,unlock_fee_ge_0_99:multi_platform,-0.0966898057251625,0.044197047271942735,0.028691585091088524,-0.18331442660118452,-0.010065184849140499,14064,94,29,0.779987427125423,0.7768455238128253,drop_munich,leave_one_platform_city,MUNICH,True,unlock_fee_ge_0_99:Multi-platform,-0.097*,negative
city_sensitivity_unlock_fee_ge_0_99_unit_fe_drop_munich,ols_cluster,unit_fe,ur_boxcox,unlock_fee_ge_0_99:local_maas_only,-0.04297790765419536,0.012318270094339523,0.00048491018025352735,-0.06712127339093764,-0.018834541917453082,14064,94,29,0.9006586570388462,0.8988387178810495,drop_munich,leave_one_platform_city,MUNICH,True,unlock_fee_ge_0_99:Local MaaS only,-0.043***,negative
city_sensitivity_unlock_fee_ge_0_99_unit_fe_drop_munich,ols_cluster,unit_fe,ur_boxcox,unlock_fee_ge_0_99:multi_platform,-0.08519147576948796,0.009848079319483675,5.1243920429978415e-18,-0.1044933565525697,-0.06588959498640623,14064,94,29,0.9006586570388462,0.8988387178810495,drop_munich,leave_one_platform_city,MUNICH,True,unlock_fee_ge_0_99:Multi-platform,-0.085***,negative
city_sensitivity_unlock_fee_ge_1_00_market_fe_drop_munich,ols_cluster,market_fe,ur_boxcox,unlock_fee_ge_1_00:local_maas_only,-0.20938372575932843,0.03891913294370904,7.449869793461104e-08,-0.28566382463852447,-0.1331036268801324,14064,94,29,0.77985114610178,0.7767072966194974,drop_munich,leave_one_platform_city,MUNICH,True,unlock_fee_ge_1_00:Local MaaS only,-0.209***,negative
city_sensitivity_unlock_fee_ge_1_00_market_fe_drop_munich,ols_cluster,market_fe,ur_boxcox,unlock_fee_ge_1_00:multi_platform,-0.10896628205744599,0.03510563485510917,0.0019095290089099107,-0.17777206202787396,-0.04016050208701802,14064,94,29,0.77985114610178,0.7767072966194974,drop_munich,leave_one_platform_city,MUNICH,True,unlock_fee_ge_1_00:Multi-platform,-0.109**,negative
city_sensitivity_unlock_fee_ge_1_00_unit_fe_drop_munich,ols_cluster,unit_fe,ur_boxcox,unlock_fee_ge_1_00:local_maas_only,-0.034949521423001936,0.010227550554898011,0.0006327024350250732,-0.05499515216066468,-0.014903890685339188,14064,94,29,0.9007362484973094,0.8989177308195265,drop_munich,leave_one_platform_city,MUNICH,True,unlock_fee_ge_1_00:Local MaaS only,-0.035***,negative
city_sensitivity_unlock_fee_ge_1_00_unit_fe_drop_munich,ols_cluster,unit_fe,ur_boxcox,unlock_fee_ge_1_00:multi_platform,-0.08476829752632871,0.008491416236251251,1.8123733374903156e-23,-0.10141116752711982,-0.0681254275255376,14064,94,29,0.9007362484973094,0.8989177308195265,drop_munich,leave_one_platform_city,MUNICH,True,unlock_fee_ge_1_00:Multi-platform,-0.085***,negative
city_sensitivity_unlock_fee_ge_1_20_market_fe_drop_munich,ols_cluster,market_fe,ur_boxcox,unlock_fee_ge_1_20:local_maas_only,-0.21806408057427004,0.03945244220092188,3.252625241530602e-08,-0.2953894463902251,-0.140738714758315,14064,94,29,0.7838280090943204,0.7807409514528256,drop_munich,leave_one_platform_city,MUNICH,True,unlock_fee_ge_1_20:Local MaaS only,-0.218***,negative
city_sensitivity_unlock_fee_ge_1_20_market_fe_drop_munich,ols_cluster,market_fe,ur_boxcox,unlock_fee_ge_1_20:multi_platform,-0.1426401742826323,0.03848539002968046,0.00021027093108837652,-0.21807015267178287,-0.0672101958934817,14064,94,29,0.7838280090943204,0.7807409514528256,drop_munich,leave_one_platform_city,MUNICH,True,unlock_fee_ge_1_20:Multi-platform,-0.143***,negative
city_sensitivity_unlock_fee_ge_1_20_unit_fe_drop_munich,ols_cluster,unit_fe,ur_boxcox,unlock_fee_ge_1_20:local_maas_only,-0.03795434772766791,0.010883778332030851,0.0004880330937679883,-0.059286161274165805,-0.01662253418117002,14064,94,29,0.9006708749722736,0.8988511596477251,drop_munich,leave_one_platform_city,MUNICH,True,unlock_fee_ge_1_20:Local MaaS only,-0.038***,negative
city_sensitivity_unlock_fee_ge_1_20_unit_fe_drop_munich,ols_cluster,unit_fe,ur_boxcox,unlock_fee_ge_1_20:multi_platform,-0.07316064004676884,0.011587402369442555,2.7225072557716443e-10,-0.09587153136525033,-0.05044974872828735,14064,94,29,0.9006708749722736,0.8988511596477251,drop_munich,leave_one_platform_city,MUNICH,True,unlock_fee_ge_1_20:Multi-platform,-0.073***,negative
city_sensitivity_unlock_fee_ge_0_99_market_fe_drop_nuremberg,ols_cluster,market_fe,ur_boxcox,unlock_fee_ge_0_99:local_maas_only,-0.20678883215588878,0.04325942153808639,1.7511796920306921e-06,-0.2915757403625744,-0.12200192394920314,13911,93,29,0.7791919571577419,0.7760035096312857,drop_nuremberg,leave_one_platform_city,NUREMBERG,True,unlock_fee_ge_0_99:Local MaaS only,-0.207***,negative
city_sensitivity_unlock_fee_ge_0_99_market_fe_drop_nuremberg,ols_cluster,market_fe,ur_boxcox,unlock_fee_ge_0_99:multi_platform,-0.06804669629876987,0.03647018572223052,0.06206695852836683,-0.1395269468238286,0.00343355422628884,13911,93,29,0.7791919571577419,0.7760035096312857,drop_nuremberg,leave_one_platform_city,NUREMBERG,False,unlock_fee_ge_0_99:Multi-platform,-0.068+,negative
city_sensitivity_unlock_fee_ge_0_99_unit_fe_drop_nuremberg,ols_cluster,unit_fe,ur_boxcox,unlock_fee_ge_0_99:local_maas_only,-0.04642934384208804,0.010790229888294242,1.6857245859041914e-05,-0.06757780580805241,-0.02528088187612368,13911,93,29,0.8991450299400958,0.8972841826377751,drop_nuremberg,leave_one_platform_city,NUREMBERG,True,unlock_fee_ge_0_99:Local MaaS only,-0.046***,negative
city_sensitivity_unlock_fee_ge_0_99_unit_fe_drop_nuremberg,ols_cluster,unit_fe,ur_boxcox,unlock_fee_ge_0_99:multi_platform,-0.06843819207537438,0.006288555422663092,1.3895237430965712e-27,-0.0807635342185781,-0.056112849932170666,13911,93,29,0.8991450299400958,0.8972841826377751,drop_nuremberg,leave_one_platform_city,NUREMBERG,True,unlock_fee_ge_0_99:Multi-platform,-0.068***,negative
city_sensitivity_unlock_fee_ge_1_00_market_fe_drop_nuremberg,ols_cluster,market_fe,ur_boxcox,unlock_fee_ge_1_00:local_maas_only,-0.21637070241828057,0.04110198514487266,1.407706806245405e-07,-0.2969291129953313,-0.13581229184122984,13911,93,29,0.7797912301531165,0.776611436072772,drop_nuremberg,leave_one_platform_city,NUREMBERG,True,unlock_fee_ge_1_00:Local MaaS only,-0.216***,negative
city_sensitivity_unlock_fee_ge_1_00_market_fe_drop_nuremberg,ols_cluster,market_fe,ur_boxcox,unlock_fee_ge_1_00:multi_platform,-0.09390144314924663,0.032484524545244954,0.0038444404692674814,-0.1575699413128341,-0.03023294498565915,13911,93,29,0.7797912301531165,0.776611436072772,drop_nuremberg,leave_one_platform_city,NUREMBERG,True,unlock_fee_ge_1_00:Multi-platform,-0.094**,negative
city_sensitivity_unlock_fee_ge_1_00_unit_fe_drop_nuremberg,ols_cluster,unit_fe,ur_boxcox,unlock_fee_ge_1_00:local_maas_only,-0.03522199744539252,0.009411681334658617,0.00018229256780227218,-0.05366855389529128,-0.016775440995493763,13911,93,29,0.8992204524519087,0.897360996749601,drop_nuremberg,leave_one_platform_city,NUREMBERG,True,unlock_fee_ge_1_00:Local MaaS only,-0.035***,negative
city_sensitivity_unlock_fee_ge_1_00_unit_fe_drop_nuremberg,ols_cluster,unit_fe,ur_boxcox,unlock_fee_ge_1_00:multi_platform,-0.07960202051064533,0.008115008857974016,1.0274555550197074e-22,-0.09550714560649791,-0.06369689541479275,13911,93,29,0.8992204524519087,0.897360996749601,drop_nuremberg,leave_one_platform_city,NUREMBERG,True,unlock_fee_ge_1_00:Multi-platform,-0.080***,negative
city_sensitivity_unlock_fee_ge_1_20_market_fe_drop_nuremberg,ols_cluster,market_fe,ur_boxcox,unlock_fee_ge_1_20:local_maas_only,-0.21755992815079864,0.0416092531705429,1.7075877913741447e-07,-0.2991125657886718,-0.13600729051292548,13911,93,29,0.7809545816423085,0.7777915862488705,drop_nuremberg,leave_one_platform_city,NUREMBERG,True,unlock_fee_ge_1_20:Local MaaS only,-0.218***,negative
city_sensitivity_unlock_fee_ge_1_20_market_fe_drop_nuremberg,ols_cluster,market_fe,ur_boxcox,unlock_fee_ge_1_20:multi_platform,-0.11656541320579772,0.03717564743971192,0.0017154301057652668,-0.18942834328959174,-0.043702483122003685,13911,93,29,0.7809545816423085,0.7777915862488705,drop_nuremberg,leave_one_platform_city,NUREMBERG,True,unlock_fee_ge_1_20:Multi-platform,-0.117**,negative
city_sensitivity_unlock_fee_ge_1_20_unit_fe_drop_nuremberg,ols_cluster,unit_fe,ur_boxcox,unlock_fee_ge_1_20:local_maas_only,-0.039097948953319285,0.010746529286581067,0.00027455751892433225,-0.0601607593138231,-0.018035138592815473,13911,93,29,0.8991773990857965,0.8973171490176768,drop_nuremberg,leave_one_platform_city,NUREMBERG,True,unlock_fee_ge_1_20:Local MaaS only,-0.039***,negative
city_sensitivity_unlock_fee_ge_1_20_unit_fe_drop_nuremberg,ols_cluster,unit_fe,ur_boxcox,unlock_fee_ge_1_20:multi_platform,-0.06480756283677469,0.01264487608362035,2.972165908844994e-07,-0.08959106454964247,-0.04002406112390691,13911,93,29,0.8991773990857965,0.8973171490176768,drop_nuremberg,leave_one_platform_city,NUREMBERG,True,unlock_fee_ge_1_20:Multi-platform,-0.065***,negative
