model,estimator,fe_strategy,outcome,term,coef,std_err,p_value,ci_low,ci_high,nobs,city_operators,cities,r2,significant_05,label
any_market_fe_all,ols_cluster,market_fe,ur_boxcox,unlock_fee_z:platform_any,-0.08907291032166698,0.024724013007610155,0.00031494320244863705,-0.1375310853698827,-0.040614735273451254,14514,97,30,0.7834587911815081,True,Unlock fee:Any platform
any_market_fe_all,ols_cluster,market_fe,ur_boxcox,unlock_fee_z:competition_z,0.039731094557867414,0.016791959887610196,0.01797763413903531,0.006819457948310174,0.07264273116742465,14514,97,30,0.7834587911815081,True,Unlock fee:Competition
any_market_fe_all,ols_cluster,market_fe,ur_boxcox,platform_any:competition_z,-0.07036493318634228,0.021831722027530236,0.0012682932522927997,-0.1131543220807913,-0.027575544291893253,14514,97,30,0.7834587911815081,True,Any platform:Competition
any_market_fe_all,ols_cluster,market_fe,ur_boxcox,unlock_fee_z:platform_any:competition_z,-0.03302628501025143,0.0200348357316721,0.09926179533387616,-0.07229384148050493,0.006241271460002071,14514,97,30,0.7834587911815081,False,Unlock fee:Any platform:Competition
any_market_fe_all,ols_cluster,market_fe,ur_boxcox,price_per_minute_z:platform_any,-0.002324442291438567,0.02883741778340735,0.935756028193887,-0.05884474255405185,0.05419585797117471,14514,97,30,0.7834587911815081,False,Price/min:Any platform
any_market_fe_all,ols_cluster,market_fe,ur_boxcox,price_per_minute_z:competition_z,-0.03552577532222838,0.02669588095660134,0.1832684277086677,-0.0878487405327357,0.016797189888278934,14514,97,30,0.7834587911815081,False,Price/min:Competition
any_market_fe_all,ols_cluster,market_fe,ur_boxcox,price_per_minute_z:platform_any:competition_z,0.03638175378168686,0.02801129645809519,0.19400421775232657,-0.01851937843645409,0.09128288599982781,14514,97,30,0.7834587911815081,False,Price/min:Any platform:Competition
type_market_fe_all,ols_cluster,market_fe,ur_boxcox,unlock_fee_z:large_only,-0.04328023555748186,0.03205738081211859,0.17698825320965095,-0.1061115473879197,0.01955107627295597,14514,97,30,0.8007322787980945,False,Unlock fee:FreeNow only
type_market_fe_all,ols_cluster,market_fe,ur_boxcox,unlock_fee_z:competition_z,0.0463251434066049,0.018742119730119265,0.013446737137024864,0.009591263741633584,0.08305902307157623,14514,97,30,0.8007322787980945,True,Unlock fee:Competition
type_market_fe_all,ols_cluster,market_fe,ur_boxcox,large_only:competition_z,-0.03465549335912394,0.03884849643988894,0.37235658440495223,-0.11079714723483877,0.041486160516590896,14514,97,30,0.8007322787980945,False,FreeNow only:Competition
type_market_fe_all,ols_cluster,market_fe,ur_boxcox,unlock_fee_z:large_only:competition_z,-0.02683124320706908,0.056919877848379506,0.6373649904701201,-0.13839215379431213,0.08472966738017398,14514,97,30,0.8007322787980945,False,Unlock fee:FreeNow only:Competition
type_market_fe_all,ols_cluster,market_fe,ur_boxcox,price_per_minute_z:large_only,0.04962705430412665,0.07271096384040311,0.4949070079564495,-0.09288381610425764,0.19213792471251093,14514,97,30,0.8007322787980945,False,Price/min:FreeNow only
type_market_fe_all,ols_cluster,market_fe,ur_boxcox,price_per_minute_z:competition_z,-0.03719564065000651,0.024120142228868192,0.12304960402905454,-0.08447025072057184,0.010078969420558817,14514,97,30,0.8007322787980945,False,Price/min:Competition
type_market_fe_all,ols_cluster,market_fe,ur_boxcox,price_per_minute_z:large_only:competition_z,0.002281062363444901,0.13411966089624758,0.9864305002705975,-0.2605886426119254,0.26515076733881515,14514,97,30,0.8007322787980945,False,Price/min:FreeNow only:Competition
type_market_fe_all,ols_cluster,market_fe,ur_boxcox,unlock_fee_z:local_only,-0.1917339935524245,0.09654568808561739,0.04703992931448178,-0.3809600650628724,-0.0025079220419766124,14514,97,30,0.8007322787980945,True,Unlock fee:Local MaaS only
type_market_fe_all,ols_cluster,market_fe,ur_boxcox,local_only:competition_z,-0.10704626274874762,0.035444160195787645,0.0025265935648698164,-0.17651554019475957,-0.03757698530273569,14514,97,30,0.8007322787980945,True,Local MaaS only:Competition
type_market_fe_all,ols_cluster,market_fe,ur_boxcox,unlock_fee_z:local_only:competition_z,-0.004039729234465949,0.04136285864024061,0.9221978162598232,-0.08510944246695895,0.07702998399802705,14514,97,30,0.8007322787980945,False,Unlock fee:Local MaaS only:Competition
type_market_fe_all,ols_cluster,market_fe,ur_boxcox,price_per_minute_z:local_only,0.07854944466330142,0.09033607308766363,0.3845602173032787,-0.09850600509329734,0.2556048944199002,14514,97,30,0.8007322787980945,False,Price/min:Local MaaS only
type_market_fe_all,ols_cluster,market_fe,ur_boxcox,price_per_minute_z:local_only:competition_z,0.01011733604160728,0.03920173354478081,0.796342161416793,-0.06671664983769882,0.08695132192091337,14514,97,30,0.8007322787980945,False,Price/min:Local MaaS only:Competition
type_market_fe_all,ols_cluster,market_fe,ur_boxcox,unlock_fee_z:multi_platform,-0.1921026655961122,0.049782095252437535,0.00011391221165458046,-0.28967377936583216,-0.09453155182639221,14514,97,30,0.8007322787980945,True,Unlock fee:Multi-platform
type_market_fe_all,ols_cluster,market_fe,ur_boxcox,multi_platform:competition_z,-0.11254119369894379,0.03088117460437109,0.0002680891757118751,-0.17306718372380409,-0.0520152036740835,14514,97,30,0.8007322787980945,True,Multi-platform:Competition
type_market_fe_all,ols_cluster,market_fe,ur_boxcox,unlock_fee_z:multi_platform:competition_z,0.02279645167637974,0.02753399903529235,0.40770545710043893,-0.03116919478315386,0.07676209813591334,14514,97,30,0.8007322787980945,False,Unlock fee:Multi-platform:Competition
type_market_fe_all,ols_cluster,market_fe,ur_boxcox,price_per_minute_z:multi_platform,0.1199603471874121,0.08765036931352976,0.1711170230014465,-0.051831219898740996,0.29175191427356517,14514,97,30,0.8007322787980945,False,Price/min:Multi-platform
type_market_fe_all,ols_cluster,market_fe,ur_boxcox,price_per_minute_z:multi_platform:competition_z,-0.02440053508839258,0.0705331353870485,0.7293845864373026,-0.16264294016369524,0.1138418699869101,14514,97,30,0.8007322787980945,False,Price/min:Multi-platform:Competition
any_unit_fe_all,ols_cluster,unit_fe,ur_boxcox,unlock_fee_z:platform_any,0.008834610411974754,0.02872918958117995,0.7584526345273251,-0.04747356647216131,0.06514278729611082,14514,97,30,0.9003815216830005,False,Unlock fee:Any platform
any_unit_fe_all,ols_cluster,unit_fe,ur_boxcox,unlock_fee_z:competition_z,-0.062437548272392174,0.031182334043662847,0.045248474810790175,-0.12355379995186858,-0.0013212965929157647,14514,97,30,0.9003815216830005,True,Unlock fee:Competition
any_unit_fe_all,ols_cluster,unit_fe,ur_boxcox,platform_any:competition_z,-0.0006618520118888275,0.03335911490017716,0.9841708372569982,-0.06604451577236954,0.06472081174859189,14514,97,30,0.9003815216830005,False,Any platform:Competition
any_unit_fe_all,ols_cluster,unit_fe,ur_boxcox,unlock_fee_z:platform_any:competition_z,0.06684578008271785,0.07630198929961986,0.38099271924804656,-0.08270337089329766,0.21639493105873336,14514,97,30,0.9003815216830005,False,Unlock fee:Any platform:Competition
any_unit_fe_all,ols_cluster,unit_fe,ur_boxcox,price_per_minute_z:platform_any,0.012021677815810955,0.030513535614427094,0.6935968927282115,-0.047783753029446416,0.07182710866106833,14514,97,30,0.9003815216830005,False,Price/min:Any platform
any_unit_fe_all,ols_cluster,unit_fe,ur_boxcox,price_per_minute_z:competition_z,-0.005261747465942782,0.03590613553270792,0.8834937442486918,-0.07563647993406421,0.06511298500217864,14514,97,30,0.9003815216830005,False,Price/min:Competition
any_unit_fe_all,ols_cluster,unit_fe,ur_boxcox,price_per_minute_z:platform_any:competition_z,-0.05985380573168471,0.07179186763477435,0.40444279045329,-0.2005632806787092,0.08085566921533978,14514,97,30,0.9003815216830005,False,Price/min:Any platform:Competition
type_unit_fe_all,ols_cluster,unit_fe,ur_boxcox,unlock_fee_z:large_only,0.010088439202276252,0.039733845412682496,0.7995725065679148,-0.06778846677386348,0.08796534517841599,14514,97,30,0.9007900144086369,False,Unlock fee:FreeNow only
type_unit_fe_all,ols_cluster,unit_fe,ur_boxcox,unlock_fee_z:competition_z,0.30877522193678963,0.12288972711768156,0.011983824189228486,0.06791578271617854,0.5496346611574008,14514,97,30,0.9007900144086369,True,Unlock fee:Competition
type_unit_fe_all,ols_cluster,unit_fe,ur_boxcox,large_only:competition_z,0.0014500103450264244,0.0479744818186949,0.975887915866154,-0.09257824619658722,0.09547826688664007,14514,97,30,0.9007900144086369,False,FreeNow only:Competition
type_unit_fe_all,ols_cluster,unit_fe,ur_boxcox,unlock_fee_z:large_only:competition_z,0.0687927258311894,0.08922096575681486,0.4406846018265882,-0.10607715371804918,0.24366260538042797,14514,97,30,0.9007900144086369,False,Unlock fee:FreeNow only:Competition
type_unit_fe_all,ols_cluster,unit_fe,ur_boxcox,price_per_minute_z:large_only,0.0076192347571279965,0.09413911270760503,0.9354929215517568,-0.1768900356863348,0.1921285052005908,14514,97,30,0.9007900144086369,False,Price/min:FreeNow only
type_unit_fe_all,ols_cluster,unit_fe,ur_boxcox,price_per_minute_z:competition_z,-0.4629050836818951,0.13044904232917112,0.00038735693106970245,-0.7185805084648115,-0.2072296588989787,14514,97,30,0.9007900144086369,True,Price/min:Competition
type_unit_fe_all,ols_cluster,unit_fe,ur_boxcox,price_per_minute_z:large_only:competition_z,-0.0670061344653417,0.15323704054528625,0.6619147271478372,-0.3673452150316068,0.23333294610092337,14514,97,30,0.9007900144086369,False,Price/min:FreeNow only:Competition
type_unit_fe_all,ols_cluster,unit_fe,ur_boxcox,unlock_fee_z:local_only,-2.3754312929050916,0.7876101175930635,0.002561341412839752,-3.919118757246853,-0.8317438285633303,14514,97,30,0.9007900144086369,True,Unlock fee:Local MaaS only
type_unit_fe_all,ols_cluster,unit_fe,ur_boxcox,local_only:competition_z,0.995381665795176,0.31390917736592494,0.0015195569066182358,0.3801309837413671,1.6106323478489848,14514,97,30,0.9007900144086369,True,Local MaaS only:Competition
type_unit_fe_all,ols_cluster,unit_fe,ur_boxcox,unlock_fee_z:local_only:competition_z,-0.8428683455546991,0.3089912061936103,0.006375691768215824,-1.448479981233765,-0.2372567098756333,14514,97,30,0.9007900144086369,True,Unlock fee:Local MaaS only:Competition
type_unit_fe_all,ols_cluster,unit_fe,ur_boxcox,price_per_minute_z:local_only,2.1921056834851504,0.7472051703201741,0.0033490464012186894,0.7276104605954923,3.6566009063748086,14514,97,30,0.9007900144086369,True,Price/min:Local MaaS only
type_unit_fe_all,ols_cluster,unit_fe,ur_boxcox,price_per_minute_z:local_only:competition_z,0.9883743725012311,0.309006801836729,0.001381195462065071,0.3827321699233368,1.5940165750791253,14514,97,30,0.9007900144086369,True,Price/min:Local MaaS only:Competition
type_unit_fe_all,ols_cluster,unit_fe,ur_boxcox,unlock_fee_z:multi_platform,-1.7107128261869795,0.5286323191572156,0.0012117028504499301,-2.7468131327990055,-0.6746125195749535,14514,97,30,0.9007900144086369,True,Unlock fee:Multi-platform
type_unit_fe_all,ols_cluster,unit_fe,ur_boxcox,multi_platform:competition_z,-0.25322162040259893,0.08438474266431711,0.002692725699751427,-0.418612676869341,-0.08783056393585686,14514,97,30,0.9007900144086369,True,Multi-platform:Competition
type_unit_fe_all,ols_cluster,unit_fe,ur_boxcox,unlock_fee_z:multi_platform:competition_z,1.1265875514301456,0.35441335526138573,0.001479172212567885,0.43195013947783023,1.8212249633824609,14514,97,30,0.9007900144086369,True,Unlock fee:Multi-platform:Competition
type_unit_fe_all,ols_cluster,unit_fe,ur_boxcox,price_per_minute_z:multi_platform,1.914821853137628,0.6048767152609452,0.0015474223943766764,0.7292852761392861,3.10035843013597,14514,97,30,0.9007900144086369,True,Price/min:Multi-platform
type_unit_fe_all,ols_cluster,unit_fe,ur_boxcox,price_per_minute_z:multi_platform:competition_z,-0.4420458240013474,0.20223726211451298,0.02883182729145947,-0.8384235740777796,-0.04566807392491523,14514,97,30,0.9007900144086369,True,Price/min:Multi-platform:Competition
any_market_fe_all,ols_cluster,market_fe,log_trip_count_day,unlock_fee_z:platform_any,-0.36439145719974864,0.12725240594795148,0.004189452401191701,-0.6138015898038041,-0.11498132459569319,14514,97,30,0.9200611203624892,True,Unlock fee:Any platform
any_market_fe_all,ols_cluster,market_fe,log_trip_count_day,unlock_fee_z:competition_z,0.25381378766797436,0.10895364397858227,0.01982954615752601,0.04026856948555377,0.4673590058503949,14514,97,30,0.9200611203624892,True,Unlock fee:Competition
any_market_fe_all,ols_cluster,market_fe,log_trip_count_day,platform_any:competition_z,-0.3064469580733449,0.11613554499487073,0.00832243913178958,-0.5340684435882225,-0.07882547255846731,14514,97,30,0.9200611203624892,True,Any platform:Competition
any_market_fe_all,ols_cluster,market_fe,log_trip_count_day,unlock_fee_z:platform_any:competition_z,-0.25295315474099905,0.11842493480313955,0.03268113868002439,-0.48506176182665656,-0.02084454765534155,14514,97,30,0.9200611203624892,True,Unlock fee:Any platform:Competition
any_market_fe_all,ols_cluster,market_fe,log_trip_count_day,price_per_minute_z:platform_any,-0.18174603566447464,0.11793881680123519,0.12331200059758073,-0.41290186897416303,0.04940979764521375,14514,97,30,0.9200611203624892,False,Price/min:Any platform
any_market_fe_all,ols_cluster,market_fe,log_trip_count_day,price_per_minute_z:competition_z,0.012948170552725562,0.13087889731767868,0.9211919003440072,-0.24356975452624052,0.26946609563169166,14514,97,30,0.9200611203624892,False,Price/min:Competition
any_market_fe_all,ols_cluster,market_fe,log_trip_count_day,price_per_minute_z:platform_any:competition_z,0.06778681534461727,0.13226316004449898,0.6082908267003357,-0.19144421482405782,0.3270178455132924,14514,97,30,0.9200611203624892,False,Price/min:Any platform:Competition
type_market_fe_all,ols_cluster,market_fe,log_trip_count_day,unlock_fee_z:large_only,-0.22627112696175733,0.16529663802848452,0.17103704360556815,-0.5502465842631409,0.09770433033962622,14514,97,30,0.928560247001276,False,Unlock fee:FreeNow only
type_market_fe_all,ols_cluster,market_fe,log_trip_count_day,unlock_fee_z:competition_z,0.28301071243429105,0.11661031255061699,0.015225161333160084,0.054458699609122696,0.5115627252594594,14514,97,30,0.928560247001276,True,Unlock fee:Competition
type_market_fe_all,ols_cluster,market_fe,log_trip_count_day,large_only:competition_z,-0.09542742334444457,0.19069274055300578,0.61677582178181,-0.4691783269415766,0.2783234802526874,14514,97,30,0.928560247001276,False,FreeNow only:Competition
type_market_fe_all,ols_cluster,market_fe,log_trip_count_day,unlock_fee_z:large_only:competition_z,-0.13256970335532253,0.25354726045048553,0.6010717295076536,-0.6295132022170711,0.36437379550642596,14514,97,30,0.928560247001276,False,Unlock fee:FreeNow only:Competition
type_market_fe_all,ols_cluster,market_fe,log_trip_count_day,price_per_minute_z:large_only,0.017064569352640606,0.3195451699013901,0.9574110676893841,-0.6092324550878165,0.6433615937930977,14514,97,30,0.928560247001276,False,Price/min:FreeNow only
type_market_fe_all,ols_cluster,market_fe,log_trip_count_day,price_per_minute_z:competition_z,0.01020515451283226,0.1206886582748943,0.9326130346629912,-0.22634026904842253,0.24675057807408707,14514,97,30,0.928560247001276,False,Price/min:Competition
type_market_fe_all,ols_cluster,market_fe,log_trip_count_day,price_per_minute_z:large_only:competition_z,-0.491782732202264,0.5070854606580998,0.3321351298823003,-1.4856519721760422,0.5020865077715141,14514,97,30,0.928560247001276,False,Price/min:FreeNow only:Competition
type_market_fe_all,ols_cluster,market_fe,log_trip_count_day,unlock_fee_z:local_only,-1.018750320000914,0.2652296169868619,0.0001225277880776269,-1.5385908169285163,-0.4989098230733118,14514,97,30,0.928560247001276,True,Unlock fee:Local MaaS only
type_market_fe_all,ols_cluster,market_fe,log_trip_count_day,local_only:competition_z,-0.5924706335847939,0.15007996824062012,7.890571891292411e-05,-0.8866219661373245,-0.29831930103226334,14514,97,30,0.928560247001276,True,Local MaaS only:Competition
type_market_fe_all,ols_cluster,market_fe,log_trip_count_day,unlock_fee_z:local_only:competition_z,0.05101343675784982,0.15660470605067114,0.7446161503916593,-0.2559261469109475,0.3579530204266471,14514,97,30,0.928560247001276,False,Unlock fee:Local MaaS only:Competition
type_market_fe_all,ols_cluster,market_fe,log_trip_count_day,price_per_minute_z:local_only,0.35338742425921643,0.23787384868383038,0.13738269126925595,-0.11283675202502164,0.8196116005434545,14514,97,30,0.928560247001276,False,Price/min:Local MaaS only
type_market_fe_all,ols_cluster,market_fe,log_trip_count_day,price_per_minute_z:local_only:competition_z,-0.16639572221691698,0.14086942025367089,0.23752113007636733,-0.4424947124371491,0.10970326800331517,14514,97,30,0.928560247001276,False,Price/min:Local MaaS only:Competition
type_market_fe_all,ols_cluster,market_fe,log_trip_count_day,unlock_fee_z:multi_platform,-0.9764056793867955,0.24415694371642005,6.358640238439554e-05,-1.4549444956463518,-0.4978668631272391,14514,97,30,0.928560247001276,True,Unlock fee:Multi-platform
type_market_fe_all,ols_cluster,market_fe,log_trip_count_day,multi_platform:competition_z,-0.1622942751730785,0.16225686024891336,0.3171989283279856,-0.4803118775054974,0.15572332715934042,14514,97,30,0.928560247001276,False,Multi-platform:Competition
type_market_fe_all,ols_cluster,market_fe,log_trip_count_day,unlock_fee_z:multi_platform:competition_z,0.099612878236224,0.1453519280171053,0.49314073379293977,-0.18527166576076082,0.3844974222332088,14514,97,30,0.928560247001276,False,Unlock fee:Multi-platform:Competition
type_market_fe_all,ols_cluster,market_fe,log_trip_count_day,price_per_minute_z:multi_platform,0.6429166074826539,0.4239864883752558,0.12942807586252664,-0.1880816396644578,1.4739148546297656,14514,97,30,0.928560247001276,False,Price/min:Multi-platform
type_market_fe_all,ols_cluster,market_fe,log_trip_count_day,price_per_minute_z:multi_platform:competition_z,-0.8992280993710207,0.3375360147953649,0.007719569742543324,-1.5607865318551146,-0.2376696668869267,14514,97,30,0.928560247001276,True,Price/min:Multi-platform:Competition
any_unit_fe_all,ols_cluster,unit_fe,log_trip_count_day,unlock_fee_z:platform_any,0.3134020508536417,0.12570211895349326,0.01265931808664859,0.06703042492442521,0.5597736767828582,14514,97,30,0.9756506010635617,True,Unlock fee:Any platform
any_unit_fe_all,ols_cluster,unit_fe,log_trip_count_day,unlock_fee_z:competition_z,-0.3808805748161267,0.08648223864303942,1.0620044521941342e-05,-0.550382647858882,-0.21137850177337134,14514,97,30,0.9756506010635617,True,Unlock fee:Competition
any_unit_fe_all,ols_cluster,unit_fe,log_trip_count_day,platform_any:competition_z,-0.23372055890044127,0.0664738988841781,0.00043814243039735017,-0.36400700662538765,-0.10343411117549492,14514,97,30,0.9756506010635617,True,Any platform:Competition
any_unit_fe_all,ols_cluster,unit_fe,log_trip_count_day,unlock_fee_z:platform_any:competition_z,0.7230589063404997,0.19685866826151266,0.00023973370059291905,0.3372230065034167,1.1088948061775827,14514,97,30,0.9756506010635617,True,Unlock fee:Any platform:Competition
any_unit_fe_all,ols_cluster,unit_fe,log_trip_count_day,price_per_minute_z:platform_any,-0.24022261612679394,0.12073704748096037,0.04663119362138771,-0.4768628807891787,-0.0035823514644091614,14514,97,30,0.9756506010635617,True,Price/min:Any platform
any_unit_fe_all,ols_cluster,unit_fe,log_trip_count_day,price_per_minute_z:competition_z,0.28980530110715613,0.10022640569344872,0.0038339969112843025,0.09336515564809642,0.4862454465662158,14514,97,30,0.9756506010635617,True,Price/min:Competition
any_unit_fe_all,ols_cluster,unit_fe,log_trip_count_day,price_per_minute_z:platform_any:competition_z,-0.6783041687599053,0.19249230417552907,0.0004254069924195191,-1.0555821522450715,-0.30102618527473923,14514,97,30,0.9756506010635617,True,Price/min:Any platform:Competition
type_unit_fe_all,ols_cluster,unit_fe,log_trip_count_day,unlock_fee_z:large_only,0.3113446461008774,0.19849264321192414,0.11675399304510119,-0.07769378579065273,0.7003830779924076,14514,97,30,0.9756936192196152,False,Unlock fee:FreeNow only
type_unit_fe_all,ols_cluster,unit_fe,log_trip_count_day,unlock_fee_z:competition_z,-0.736036628216635,0.2380643299863604,0.0019897687112538694,-1.2026341409935601,-0.2694391154397098,14514,97,30,0.9756936192196152,True,Unlock fee:Competition
type_unit_fe_all,ols_cluster,unit_fe,log_trip_count_day,large_only:competition_z,-0.23641503949058454,0.13785678598057205,0.08635766057869636,-0.506609375036952,0.03377929605578292,14514,97,30,0.9756936192196152,False,FreeNow only:Competition
type_unit_fe_all,ols_cluster,unit_fe,log_trip_count_day,unlock_fee_z:large_only:competition_z,0.7195120672329266,0.2863574562625176,0.011983289017079509,0.15826176625388844,1.2807623682119647,14514,97,30,0.9756936192196152,True,Unlock fee:FreeNow only:Competition
type_unit_fe_all,ols_cluster,unit_fe,log_trip_count_day,price_per_minute_z:large_only,-0.23280934334547795,0.4480744017169189,0.6033581366832272,-1.1110190331049712,0.6454003464140152,14514,97,30,0.9756936192196152,False,Price/min:FreeNow only
type_unit_fe_all,ols_cluster,unit_fe,log_trip_count_day,price_per_minute_z:competition_z,0.33623523403058797,0.26888246586254694,0.21112006390351723,-0.19076471513432458,0.8632351831955005,14514,97,30,0.9756936192196152,False,Price/min:Competition
type_unit_fe_all,ols_cluster,unit_fe,log_trip_count_day,price_per_minute_z:large_only:competition_z,-0.6668554854637911,0.5880707270039118,0.2568064737363608,-1.8194529307537446,0.4857419598261623,14514,97,30,0.9756936192196152,False,Price/min:FreeNow only:Competition
type_unit_fe_all,ols_cluster,unit_fe,log_trip_count_day,unlock_fee_z:local_only,3.1960131287084383,1.5481427998417845,0.03897814618020141,0.1617089980935389,6.230317259323337,14514,97,30,0.9756936192196152,True,Unlock fee:Local MaaS only
type_unit_fe_all,ols_cluster,unit_fe,log_trip_count_day,local_only:competition_z,-1.4888024521294516,0.6338190789160432,0.01882698301590413,-2.7310650195192467,-0.2465398847396567,14514,97,30,0.9756936192196152,True,Local MaaS only:Competition
type_unit_fe_all,ols_cluster,unit_fe,log_trip_count_day,unlock_fee_z:local_only:competition_z,1.5897563947607143,0.587606462994058,0.0068206153213812935,0.43806889020939255,2.741443899312036,14514,97,30,0.9756936192196152,True,Unlock fee:Local MaaS only:Competition
type_unit_fe_all,ols_cluster,unit_fe,log_trip_count_day,price_per_minute_z:local_only,-3.4761481924149975,1.470858840347525,0.018110757473349073,-6.358978545838496,-0.5933178389914993,14514,97,30,0.9756936192196152,True,Price/min:Local MaaS only
type_unit_fe_all,ols_cluster,unit_fe,log_trip_count_day,price_per_minute_z:local_only:competition_z,-0.9927198939811425,0.603379765714544,0.0999150773240496,-2.175322503781864,0.18988271581957938,14514,97,30,0.9756936192196152,False,Price/min:Local MaaS only:Competition
type_unit_fe_all,ols_cluster,unit_fe,log_trip_count_day,unlock_fee_z:multi_platform,2.5543749979656267,1.0629249767537752,0.016254232452438004,0.4710803252601532,4.6376696706711,14514,97,30,0.9756936192196152,True,Unlock fee:Multi-platform
type_unit_fe_all,ols_cluster,unit_fe,log_trip_count_day,multi_platform:competition_z,0.009369168800433007,0.1438647653432139,0.9480746086189829,-0.27260058991657243,0.2913389275174384,14514,97,30,0.9756936192196152,False,Multi-platform:Competition
type_unit_fe_all,ols_cluster,unit_fe,log_trip_count_day,unlock_fee_z:multi_platform:competition_z,-0.9784771324673858,0.6684920323987892,0.14327375006619417,-2.2886974399209956,0.3317431749862241,14514,97,30,0.9756936192196152,False,Unlock fee:Multi-platform:Competition
type_unit_fe_all,ols_cluster,unit_fe,log_trip_count_day,price_per_minute_z:multi_platform,-3.247772295796785,1.2069527190776879,0.007126252028784041,-5.613356156231743,-0.8821884353618277,14514,97,30,0.9756936192196152,True,Price/min:Multi-platform
type_unit_fe_all,ols_cluster,unit_fe,log_trip_count_day,price_per_minute_z:multi_platform:competition_z,1.0028985543919766,0.36201690091496946,0.005600319434185906,0.29335846680383115,1.712438641980122,14514,97,30,0.9756936192196152,True,Price/min:Multi-platform:Competition
any_market_fe_no_weak_exposure,ols_cluster,market_fe,ur_boxcox,unlock_fee_z:platform_any,-0.06638542129545844,0.029119885226442495,0.022623818262139196,-0.12345934757322571,-0.00931149501769115,13768,92,30,0.8167194888533497,True,Unlock fee:Any platform
any_market_fe_no_weak_exposure,ols_cluster,market_fe,ur_boxcox,unlock_fee_z:competition_z,0.04205944177845137,0.017091809808535325,0.01386295142165568,0.008560110123113696,0.07555877343378904,13768,92,30,0.8167194888533497,True,Unlock fee:Competition
any_market_fe_no_weak_exposure,ols_cluster,market_fe,ur_boxcox,platform_any:competition_z,-0.0633454469733866,0.020476416958677104,0.0019775680469364125,-0.10347848674481891,-0.023212407201954284,13768,92,30,0.8167194888533497,True,Any platform:Competition
any_market_fe_no_weak_exposure,ols_cluster,market_fe,ur_boxcox,unlock_fee_z:platform_any:competition_z,-0.039433052406216654,0.02093913080106833,0.05967015539916637,-0.08047299464388391,0.001606889831450603,13768,92,30,0.8167194888533497,False,Unlock fee:Any platform:Competition
any_market_fe_no_weak_exposure,ols_cluster,market_fe,ur_boxcox,price_per_minute_z:platform_any,-0.0035133427380838883,0.030323634957007344,0.9077622850006805,-0.06294657513415808,0.055919889657990295,13768,92,30,0.8167194888533497,False,Price/min:Any platform
any_market_fe_no_weak_exposure,ols_cluster,market_fe,ur_boxcox,price_per_minute_z:competition_z,-0.022814365435207963,0.024390151482133388,0.3495860465827171,-0.07061818391766563,0.0249894530472497,13768,92,30,0.8167194888533497,False,Price/min:Competition
any_market_fe_no_weak_exposure,ols_cluster,market_fe,ur_boxcox,price_per_minute_z:platform_any:competition_z,0.02738798557943643,0.025872202127314153,0.2897877559213732,-0.02332059879083988,0.07809656994971274,13768,92,30,0.8167194888533497,False,Price/min:Any platform:Competition
type_market_fe_no_weak_exposure,ols_cluster,market_fe,ur_boxcox,unlock_fee_z:large_only,-0.027645748104800943,0.033832820077335436,0.4138552240439237,-0.09395685695180205,0.03866536074220016,13768,92,30,0.8361531954521452,False,Unlock fee:FreeNow only
type_market_fe_no_weak_exposure,ols_cluster,market_fe,ur_boxcox,unlock_fee_z:competition_z,0.048015427057546495,0.018804035161219902,0.010665730021196789,0.011160195377530657,0.08487065873756233,13768,92,30,0.8361531954521452,True,Unlock fee:Competition
type_market_fe_no_weak_exposure,ols_cluster,market_fe,ur_boxcox,large_only:competition_z,0.03784094909058011,0.051815511934236315,0.46520587615288567,-0.06371558814102841,0.13939748632218862,13768,92,30,0.8361531954521452,False,FreeNow only:Competition
type_market_fe_no_weak_exposure,ols_cluster,market_fe,ur_boxcox,unlock_fee_z:large_only:competition_z,-0.01730959711644906,0.047170954642589094,0.7136529095945836,-0.10976296933229615,0.07514377509939801,13768,92,30,0.8361531954521452,False,Unlock fee:FreeNow only:Competition
type_market_fe_no_weak_exposure,ols_cluster,market_fe,ur_boxcox,price_per_minute_z:large_only,-0.04168595598825986,0.08691088965731367,0.6314832604944767,-0.21202816958092932,0.1286562576044096,13768,92,30,0.8361531954521452,False,Price/min:FreeNow only
type_market_fe_no_weak_exposure,ols_cluster,market_fe,ur_boxcox,price_per_minute_z:competition_z,-0.026662071306899855,0.020795737578064095,0.19980999508989516,-0.06742096799185168,0.014096825378051979,13768,92,30,0.8361531954521452,False,Price/min:Competition
type_market_fe_no_weak_exposure,ols_cluster,market_fe,ur_boxcox,price_per_minute_z:large_only:competition_z,-0.12090310888725836,0.1401882818731393,0.388448862266208,-0.3956670924131607,0.153860874638644,13768,92,30,0.8361531954521452,False,Price/min:FreeNow only:Competition
type_market_fe_no_weak_exposure,ols_cluster,market_fe,ur_boxcox,unlock_fee_z:local_only,-0.17222956779631368,0.08344201647922778,0.03901175607199834,-0.33577291489299776,-0.008686220699629571,13768,92,30,0.8361531954521452,True,Unlock fee:Local MaaS only
type_market_fe_no_weak_exposure,ols_cluster,market_fe,ur_boxcox,local_only:competition_z,-0.12463510182885582,0.032653477628860006,0.00013513818726174597,-0.18863474195140578,-0.06063546170630585,13768,92,30,0.8361531954521452,True,Local MaaS only:Competition
type_market_fe_no_weak_exposure,ols_cluster,market_fe,ur_boxcox,unlock_fee_z:local_only:competition_z,-0.02474454282529169,0.03976191111402993,0.5337329557973827,-0.10267645656527324,0.05318737091468986,13768,92,30,0.8361531954521452,False,Unlock fee:Local MaaS only:Competition
type_market_fe_no_weak_exposure,ols_cluster,market_fe,ur_boxcox,price_per_minute_z:local_only,0.0821115051050571,0.07766469312702483,0.29039451981542597,-0.07010849629426702,0.23433150650438123,13768,92,30,0.8361531954521452,False,Price/min:Local MaaS only
type_market_fe_no_weak_exposure,ols_cluster,market_fe,ur_boxcox,price_per_minute_z:local_only:competition_z,0.00507603512676838,0.03412657618701274,0.881757682684917,-0.061810825115438825,0.07196289536897559,13768,92,30,0.8361531954521452,False,Price/min:Local MaaS only:Competition
type_market_fe_no_weak_exposure,ols_cluster,market_fe,ur_boxcox,unlock_fee_z:multi_platform,-0.20408355471477474,0.04456744731388308,4.667427096427483e-06,-0.29143414633287196,-0.11673296309667752,13768,92,30,0.8361531954521452,True,Unlock fee:Multi-platform
type_market_fe_no_weak_exposure,ols_cluster,market_fe,ur_boxcox,multi_platform:competition_z,-0.09955640129369916,0.028788493783863237,0.000543795280215628,-0.15598081227922633,-0.043131990308172,13768,92,30,0.8361531954521452,True,Multi-platform:Competition
type_market_fe_no_weak_exposure,ols_cluster,market_fe,ur_boxcox,unlock_fee_z:multi_platform:competition_z,0.026089872662185577,0.02642472729379816,0.3234818774592132,-0.025701641134951388,0.07788138645932255,13768,92,30,0.8361531954521452,False,Unlock fee:Multi-platform:Competition
type_market_fe_no_weak_exposure,ols_cluster,market_fe,ur_boxcox,price_per_minute_z:multi_platform,0.15750055597496054,0.07447650829820947,0.03444970318910267,0.01152928201617151,0.30347182993374955,13768,92,30,0.8361531954521452,True,Price/min:Multi-platform
type_market_fe_no_weak_exposure,ols_cluster,market_fe,ur_boxcox,price_per_minute_z:multi_platform:competition_z,-0.08535880314840551,0.06269294071360364,0.17334382377594404,-0.20823470903197347,0.037517102735162455,13768,92,30,0.8361531954521452,False,Price/min:Multi-platform:Competition
any_unit_fe_no_weak_exposure,ols_cluster,unit_fe,ur_boxcox,unlock_fee_z:platform_any,0.008756029443376112,0.028833334760949746,0.7613737486365144,-0.0477562682422722,0.06526832712902442,13768,92,30,0.9026774940073379,False,Unlock fee:Any platform
any_unit_fe_no_weak_exposure,ols_cluster,unit_fe,ur_boxcox,unlock_fee_z:competition_z,-0.062384098469265514,0.030257774748832032,0.039231129984993424,-0.12168824722930177,-0.00307994970922925,13768,92,30,0.9026774940073379,True,Unlock fee:Competition
any_unit_fe_no_weak_exposure,ols_cluster,unit_fe,ur_boxcox,platform_any:competition_z,-0.00018928365858333907,0.03340608543003706,0.9954790961367209,-0.06566400796592421,0.06528544064875753,13768,92,30,0.9026774940073379,False,Any platform:Competition
any_unit_fe_no_weak_exposure,ols_cluster,unit_fe,ur_boxcox,unlock_fee_z:platform_any:competition_z,0.0666667360770456,0.07651626348560746,0.38360381330264226,-0.08330238458632225,0.21663585674041344,13768,92,30,0.9026774940073379,False,Unlock fee:Any platform:Competition
any_unit_fe_no_weak_exposure,ols_cluster,unit_fe,ur_boxcox,price_per_minute_z:platform_any,0.012325623208734204,0.03066560354271463,0.6877308112745255,-0.047777855299170356,0.07242910171663877,13768,92,30,0.9026774940073379,False,Price/min:Any platform
any_unit_fe_no_weak_exposure,ols_cluster,unit_fe,ur_boxcox,price_per_minute_z:competition_z,-0.0007448075974574309,0.036534880454819806,0.9837352876190877,-0.0723518574683806,0.07086224227346574,13768,92,30,0.9026774940073379,False,Price/min:Competition
any_unit_fe_no_weak_exposure,ols_cluster,unit_fe,ur_boxcox,price_per_minute_z:platform_any:competition_z,-0.06011781249447545,0.07203744729950068,0.40397924920203876,-0.20130861473969897,0.08107298975074806,13768,92,30,0.9026774940073379,False,Price/min:Any platform:Competition
type_unit_fe_no_weak_exposure,ols_cluster,unit_fe,ur_boxcox,unlock_fee_z:large_only,0.009821176817968208,0.039877517460816164,0.8054627381357005,-0.06833732119809861,0.08797967483403503,13768,92,30,0.9031092894093142,False,Unlock fee:FreeNow only
type_unit_fe_no_weak_exposure,ols_cluster,unit_fe,ur_boxcox,unlock_fee_z:competition_z,0.30282551854571094,0.11935185148563691,0.011172704660388557,0.06890018814568924,0.5367508489457327,13768,92,30,0.9031092894093142,True,Unlock fee:Competition
type_unit_fe_no_weak_exposure,ols_cluster,unit_fe,ur_boxcox,large_only:competition_z,0.0016324750218640327,0.04816563709801793,0.972962523455669,-0.09277043898267744,0.0960353890264055,13768,92,30,0.9031092894093142,False,FreeNow only:Competition
type_unit_fe_no_weak_exposure,ols_cluster,unit_fe,ur_boxcox,unlock_fee_z:large_only:competition_z,0.06830818616444545,0.08950603614817802,0.4453629200377731,-0.10712042108492364,0.24373679341381455,13768,92,30,0.9031092894093142,False,Unlock fee:FreeNow only:Competition
type_unit_fe_no_weak_exposure,ols_cluster,unit_fe,ur_boxcox,price_per_minute_z:large_only,0.00859513099232656,0.09440771715033033,0.9274586830816584,-0.17644059448496527,0.1936308564696184,13768,92,30,0.9031092894093142,False,Price/min:FreeNow only
type_unit_fe_no_weak_exposure,ols_cluster,unit_fe,ur_boxcox,price_per_minute_z:competition_z,-0.461425826653316,0.1285255036871767,0.0003304878253558913,-0.7133311849750522,-0.20952046833157978,13768,92,30,0.9031092894093142,True,Price/min:Competition
type_unit_fe_no_weak_exposure,ols_cluster,unit_fe,ur_boxcox,price_per_minute_z:large_only:competition_z,-0.06621371974818713,0.153728863896467,0.6666737557668077,-0.36751675636952225,0.235089316873148,13768,92,30,0.9031092894093142,False,Price/min:FreeNow only:Competition
type_unit_fe_no_weak_exposure,ols_cluster,unit_fe,ur_boxcox,unlock_fee_z:local_only,-2.3736624285110706,0.774377020754692,0.0021748505083714,-3.891413499645693,-0.8559113573764483,13768,92,30,0.9031092894093142,True,Unlock fee:Local MaaS only
type_unit_fe_no_weak_exposure,ols_cluster,unit_fe,ur_boxcox,local_only:competition_z,1.0090659489716605,0.3122314806026334,0.001230182916838845,0.3971034921508825,1.6210284057924385,13768,92,30,0.9031092894093142,True,Local MaaS only:Competition
type_unit_fe_no_weak_exposure,ols_cluster,unit_fe,ur_boxcox,unlock_fee_z:local_only:competition_z,-0.8854105532369118,0.3176541244615494,0.0053142428520382284,-1.5080011967221525,-0.26281990975167113,13768,92,30,0.9031092894093142,True,Unlock fee:Local MaaS only:Competition
type_unit_fe_no_weak_exposure,ols_cluster,unit_fe,ur_boxcox,price_per_minute_z:local_only,2.2030186630022275,0.7385475084231701,0.0028552457473661357,0.755492145621022,3.650545180383433,13768,92,30,0.9031092894093142,True,Price/min:Local MaaS only
type_unit_fe_no_weak_exposure,ols_cluster,unit_fe,ur_boxcox,price_per_minute_z:local_only:competition_z,1.0130993828747368,0.3121988224952374,0.001174318599859056,0.40120093476825824,1.6249978309812154,13768,92,30,0.9031092894093142,True,Price/min:Local MaaS only:Competition
type_unit_fe_no_weak_exposure,ols_cluster,unit_fe,ur_boxcox,unlock_fee_z:multi_platform,-1.6995574584332964,0.5167263313314632,0.0010051322609069195,-2.712322457706475,-0.6867924591601178,13768,92,30,0.9031092894093142,True,Unlock fee:Multi-platform
type_unit_fe_no_weak_exposure,ols_cluster,unit_fe,ur_boxcox,multi_platform:competition_z,-0.25401603064632916,0.08403714241411447,0.0025056041629552854,-0.41872580314165697,-0.08930625815100138,13768,92,30,0.9031092894093142,True,Multi-platform:Competition
type_unit_fe_no_weak_exposure,ols_cluster,unit_fe,ur_boxcox,unlock_fee_z:multi_platform:competition_z,1.1084328231333782,0.3427186906585896,0.0012196900300270384,0.4367165326138187,1.7801491136529377,13768,92,30,0.9031092894093142,True,Unlock fee:Multi-platform:Competition
type_unit_fe_no_weak_exposure,ols_cluster,unit_fe,ur_boxcox,price_per_minute_z:multi_platform,1.9212850880910672,0.596917666681126,0.0012878351918822154,0.7513479596603756,3.091222216521759,13768,92,30,0.9031092894093142,True,Price/min:Multi-platform
type_unit_fe_no_weak_exposure,ols_cluster,unit_fe,ur_boxcox,price_per_minute_z:multi_platform:competition_z,-0.4357239449503256,0.19688566904354013,0.02689205770240587,-0.821612765347737,-0.049835124552914334,13768,92,30,0.9031092894093142,True,Price/min:Multi-platform:Competition
any_market_fe_no_weak_exposure,ols_cluster,market_fe,log_trip_count_day,unlock_fee_z:platform_any,-0.25589541051922127,0.15357709485077292,0.0956667730968779,-0.5569009852770279,0.04511016423858544,13768,92,30,0.9275435272930006,False,Unlock fee:Any platform
any_market_fe_no_weak_exposure,ols_cluster,market_fe,log_trip_count_day,unlock_fee_z:competition_z,0.2691728608867412,0.11228753706699685,0.016522037018707927,0.049093332322721034,0.4892523894507613,13768,92,30,0.9275435272930006,True,Unlock fee:Competition
any_market_fe_no_weak_exposure,ols_cluster,market_fe,log_trip_count_day,platform_any:competition_z,-0.28264777836192445,0.11951625509750124,0.018033397128090885,-0.5168953339201285,-0.04840022280372036,13768,92,30,0.9275435272930006,True,Any platform:Competition
any_market_fe_no_weak_exposure,ols_cluster,market_fe,log_trip_count_day,unlock_fee_z:platform_any:competition_z,-0.2869939696734534,0.1245083782621511,0.021165602835468367,-0.5310259068407593,-0.042962032506147496,13768,92,30,0.9275435272930006,True,Unlock fee:Any platform:Competition
any_market_fe_no_weak_exposure,ols_cluster,market_fe,log_trip_count_day,price_per_minute_z:platform_any,-0.15840937234773544,0.12820920426622356,0.21662445854433976,-0.40969479519607266,0.09287605050060177,13768,92,30,0.9275435272930006,False,Price/min:Any platform
any_market_fe_no_weak_exposure,ols_cluster,market_fe,log_trip_count_day,price_per_minute_z:competition_z,0.08894445835001091,0.12370226169411677,0.47212830724057087,-0.1535075193766067,0.3313964360766285,13768,92,30,0.9275435272930006,False,Price/min:Competition
any_market_fe_no_weak_exposure,ols_cluster,market_fe,log_trip_count_day,price_per_minute_z:platform_any:competition_z,0.003986247956731748,0.12611889865350143,0.9747854108629797,-0.24320225117398817,0.2511747470874517,13768,92,30,0.9275435272930006,False,Price/min:Any platform:Competition
type_market_fe_no_weak_exposure,ols_cluster,market_fe,log_trip_count_day,unlock_fee_z:large_only,-0.1816836173312636,0.18216690776321245,0.31859611194427817,-0.53872419572219,0.1753569610596628,13768,92,30,0.9391500341354743,False,Unlock fee:FreeNow only
type_market_fe_no_weak_exposure,ols_cluster,market_fe,log_trip_count_day,unlock_fee_z:competition_z,0.29932518521500007,0.11232661374338478,0.0077039781058732834,0.07916906777262406,0.5194813026573761,13768,92,30,0.9391500341354743,True,Unlock fee:Competition
type_market_fe_no_weak_exposure,ols_cluster,market_fe,log_trip_count_day,large_only:competition_z,0.008033306737852186,0.2789771205468064,0.9770276296567069,-0.5387518020445775,0.5548184155202819,13768,92,30,0.9391500341354743,False,FreeNow only:Competition
type_market_fe_no_weak_exposure,ols_cluster,market_fe,log_trip_count_day,unlock_fee_z:large_only:competition_z,-0.14245221014644782,0.2383044536592072,0.5499907310763094,-0.6095203566739882,0.32461593638109254,13768,92,30,0.9391500341354743,False,Unlock fee:FreeNow only:Competition
type_market_fe_no_weak_exposure,ols_cluster,market_fe,log_trip_count_day,price_per_minute_z:large_only,-0.004472643834024181,0.4398459910249461,0.9918867239121215,-0.8665549449872463,0.857609657319198,13768,92,30,0.9391500341354743,False,Price/min:FreeNow only
type_market_fe_no_weak_exposure,ols_cluster,market_fe,log_trip_count_day,price_per_minute_z:competition_z,0.08958189495120934,0.10692959240577536,0.4021625681934309,-0.11999625504565804,0.29916004494807674,13768,92,30,0.9391500341354743,False,Price/min:Competition
type_market_fe_no_weak_exposure,ols_cluster,market_fe,log_trip_count_day,price_per_minute_z:large_only:competition_z,-0.6659180531632889,0.6280742953293463,0.2890292274117424,-1.8969210516241812,0.5650849452976034,13768,92,30,0.9391500341354743,False,Price/min:FreeNow only:Competition
type_market_fe_no_weak_exposure,ols_cluster,market_fe,log_trip_count_day,unlock_fee_z:local_only,-0.9567087916278667,0.20894743783348702,4.6786227661069805e-06,-1.3662382444434231,-0.5471793388123103,13768,92,30,0.9391500341354743,True,Unlock fee:Local MaaS only
type_market_fe_no_weak_exposure,ols_cluster,market_fe,log_trip_count_day,local_only:competition_z,-0.6907735132505539,0.14720412231819446,2.69723700784697e-06,-0.9792882913700438,-0.40225873513106397,13768,92,30,0.9391500341354743,True,Local MaaS only:Competition
type_market_fe_no_weak_exposure,ols_cluster,market_fe,log_trip_count_day,unlock_fee_z:local_only:competition_z,-0.06335044490722318,0.14564183633251382,0.663581136372953,-0.3488031987612274,0.222102308946781,13768,92,30,0.9391500341354743,False,Unlock fee:Local MaaS only:Competition
type_market_fe_no_weak_exposure,ols_cluster,market_fe,log_trip_count_day,price_per_minute_z:local_only,0.4082345110952162,0.17166728348554228,0.01740415572194765,0.07177281813972575,0.7446962040507066,13768,92,30,0.9391500341354743,True,Price/min:Local MaaS only
type_market_fe_no_weak_exposure,ols_cluster,market_fe,log_trip_count_day,price_per_minute_z:local_only:competition_z,-0.22227936059254355,0.1197339867203182,0.06339039398978334,-0.4569536622897643,0.012394941104677204,13768,92,30,0.9391500341354743,False,Price/min:Local MaaS only:Competition
type_market_fe_no_weak_exposure,ols_cluster,market_fe,log_trip_count_day,unlock_fee_z:multi_platform,-1.0986047458706898,0.23943873634157098,4.469774896316883e-06,-1.5678960456039506,-0.6293134461374289,13768,92,30,0.9391500341354743,True,Unlock fee:Multi-platform
type_market_fe_no_weak_exposure,ols_cluster,market_fe,log_trip_count_day,multi_platform:competition_z,-0.11853804553673988,0.15344505168152514,0.43981162136559826,-0.4192848204384164,0.18220872936493668,13768,92,30,0.9391500341354743,False,Multi-platform:Competition
type_market_fe_no_weak_exposure,ols_cluster,market_fe,log_trip_count_day,unlock_fee_z:multi_platform:competition_z,0.1293179961398052,0.13445126170433205,0.33613971735738113,-0.134201634476655,0.39283762675626543,13768,92,30,0.9391500341354743,False,Unlock fee:Multi-platform:Competition
type_market_fe_no_weak_exposure,ols_cluster,market_fe,log_trip_count_day,price_per_minute_z:multi_platform,0.8816256141016441,0.3727921757456065,0.018033712386497057,0.15096637592192907,1.612284852281359,13768,92,30,0.9391500341354743,True,Price/min:Multi-platform
type_market_fe_no_weak_exposure,ols_cluster,market_fe,log_trip_count_day,price_per_minute_z:multi_platform:competition_z,-1.2716284208041162,0.29810640683149625,1.9928861994195376e-05,-1.855906241754494,-0.6873505998537384,13768,92,30,0.9391500341354743,True,Price/min:Multi-platform:Competition
any_unit_fe_no_weak_exposure,ols_cluster,unit_fe,log_trip_count_day,unlock_fee_z:platform_any,0.31341445517055366,0.12600338463300764,0.01286988961931714,0.066452359359711,0.5603765509813963,13768,92,30,0.9733586967582458,True,Unlock fee:Any platform
any_unit_fe_no_weak_exposure,ols_cluster,unit_fe,log_trip_count_day,unlock_fee_z:competition_z,-0.3720397397032337,0.08383600711431531,9.09217443727076e-06,-0.5363552942549354,-0.20772418515153193,13768,92,30,0.9733586967582458,True,Unlock fee:Competition
any_unit_fe_no_weak_exposure,ols_cluster,unit_fe,log_trip_count_day,platform_any:competition_z,-0.23243186433885876,0.06649908246237393,0.0004735926561247976,-0.3627676709700708,-0.10209605770764671,13768,92,30,0.9733586967582458,True,Any platform:Competition
any_unit_fe_no_weak_exposure,ols_cluster,unit_fe,log_trip_count_day,unlock_fee_z:platform_any:competition_z,0.7224328967578533,0.19712843500299237,0.00024754858073753927,0.3360682638232433,1.1087975296924633,13768,92,30,0.9733586967582458,True,Unlock fee:Any platform:Competition
any_unit_fe_no_weak_exposure,ols_cluster,unit_fe,log_trip_count_day,price_per_minute_z:platform_any,-0.23834668568477912,0.12087176922733565,0.04862135965369974,-0.4752510001179938,-0.0014423712515644338,13768,92,30,0.9733586967582458,True,Price/min:Any platform
any_unit_fe_no_weak_exposure,ols_cluster,unit_fe,log_trip_count_day,price_per_minute_z:competition_z,0.34267185130641903,0.1021305195784422,0.0007929770984043752,0.14249971121030947,0.5428439914025286,13768,92,30,0.9733586967582458,True,Price/min:Competition
any_unit_fe_no_weak_exposure,ols_cluster,unit_fe,log_trip_count_day,price_per_minute_z:platform_any:competition_z,-0.6793355786952398,0.1925808761769703,0.00041944996830999356,-1.0567871601132692,-0.30188399727721027,13768,92,30,0.9733586967582458,True,Price/min:Any platform:Competition
type_unit_fe_no_weak_exposure,ols_cluster,unit_fe,log_trip_count_day,unlock_fee_z:large_only,0.3100577799530408,0.19871159907607003,0.11867940880091517,-0.07940979754641914,0.6995253574525007,13768,92,30,0.9734125731788899,False,Unlock fee:FreeNow only
type_unit_fe_no_weak_exposure,ols_cluster,unit_fe,log_trip_count_day,unlock_fee_z:competition_z,-0.7063716118297918,0.22951183751039417,0.0020859556542942594,-1.1562065473757734,-0.2565366762838102,13768,92,30,0.9734125731788899,True,Unlock fee:Competition
type_unit_fe_no_weak_exposure,ols_cluster,unit_fe,log_trip_count_day,large_only:competition_z,-0.2370962942009931,0.1379156611474056,0.08558892970648659,-0.5074060229539381,0.033213434551951915,13768,92,30,0.9734125731788899,False,FreeNow only:Competition
type_unit_fe_no_weak_exposure,ols_cluster,unit_fe,log_trip_count_day,unlock_fee_z:large_only:competition_z,0.7167546684247328,0.2865057720663779,0.012359473664577188,0.1552136738117903,1.2782956630376754,13768,92,30,0.9734125731788899,True,Unlock fee:FreeNow only:Competition
type_unit_fe_no_weak_exposure,ols_cluster,unit_fe,log_trip_count_day,price_per_minute_z:large_only,-0.22629075209658356,0.4477036595252728,0.6132444748729156,-1.103773800512901,0.6511922963197339,13768,92,30,0.9734125731788899,False,Price/min:FreeNow only
type_unit_fe_no_weak_exposure,ols_cluster,unit_fe,log_trip_count_day,price_per_minute_z:competition_z,0.3937420856038394,0.2649026913490578,0.13718260551280814,-0.1254576488480441,0.9129418200557229,13768,92,30,0.9734125731788899,False,Price/min:Competition
type_unit_fe_no_weak_exposure,ols_cluster,unit_fe,log_trip_count_day,price_per_minute_z:large_only:competition_z,-0.6605712743333179,0.5877565532058245,0.26106145423535254,-1.812552950294134,0.4914104016274983,13768,92,30,0.9734125731788899,False,Price/min:FreeNow only:Competition
type_unit_fe_no_weak_exposure,ols_cluster,unit_fe,log_trip_count_day,unlock_fee_z:local_only,3.033300924071825,1.5131294286933865,0.04500005206351647,0.06762173988511933,5.998980108258531,13768,92,30,0.9734125731788899,True,Unlock fee:Local MaaS only
type_unit_fe_no_weak_exposure,ols_cluster,unit_fe,log_trip_count_day,local_only:competition_z,-1.3713134937476055,0.6267714537598382,0.028676860565773548,-2.5997629696547,-0.14286401784051073,13768,92,30,0.9734125731788899,True,Local MaaS only:Competition
type_unit_fe_no_weak_exposure,ols_cluster,unit_fe,log_trip_count_day,unlock_fee_z:local_only:competition_z,1.5783717209092332,0.5997361421403227,0.008493962115605845,0.40291048208720603,2.7538329597312603,13768,92,30,0.9734125731788899,True,Unlock fee:Local MaaS only:Competition
type_unit_fe_no_weak_exposure,ols_cluster,unit_fe,log_trip_count_day,price_per_minute_z:local_only,-3.287447190600649,1.4449609232719727,0.02289924292650094,-6.11951855928146,-0.45537582191983805,13768,92,30,0.9734125731788899,True,Price/min:Local MaaS only
type_unit_fe_no_weak_exposure,ols_cluster,unit_fe,log_trip_count_day,price_per_minute_z:local_only:competition_z,-1.026594967739223,0.6061161095183704,0.09031725043119887,-2.214560712844764,0.161370777366318,13768,92,30,0.9734125731788899,False,Price/min:Local MaaS only:Competition
type_unit_fe_no_weak_exposure,ols_cluster,unit_fe,log_trip_count_day,unlock_fee_z:multi_platform,2.4447274894096473,1.0343335489614223,0.01809944126857829,0.41747098544376327,4.471983993375531,13768,92,30,0.9734125731788899,True,Unlock fee:Multi-platform
type_unit_fe_no_weak_exposure,ols_cluster,unit_fe,log_trip_count_day,multi_platform:competition_z,0.0472494758147286,0.140514459772196,0.7366743623531542,-0.2281538046458778,0.322652756275335,13768,92,30,0.9734125731788899,False,Multi-platform:Competition
type_unit_fe_no_weak_exposure,ols_cluster,unit_fe,log_trip_count_day,unlock_fee_z:multi_platform:competition_z,-0.8549348285584206,0.6410641455257446,0.18232900663893603,-2.111397465568824,0.4015278084519829,13768,92,30,0.9734125731788899,False,Unlock fee:Multi-platform:Competition
type_unit_fe_no_weak_exposure,ols_cluster,unit_fe,log_trip_count_day,price_per_minute_z:multi_platform,-3.0868645283220073,1.1846312725724062,0.009167072755474594,-5.408699157523776,-0.7650298991202393,13768,92,30,0.9734125731788899,True,Price/min:Multi-platform
type_unit_fe_no_weak_exposure,ols_cluster,unit_fe,log_trip_count_day,price_per_minute_z:multi_platform:competition_z,0.8663634550217507,0.3475496160545928,0.012674866333454923,0.18517872471402508,1.5475481853294764,13768,92,30,0.9734125731788899,True,Price/min:Multi-platform:Competition
any_market_fe_scooter_only,ols_cluster,market_fe,ur_boxcox,unlock_fee_z:platform_any,-0.07703988985954531,0.018663539609690374,3.662051391156899e-05,-0.11361975531857518,-0.04046002440051544,11149,75,30,0.8420244525912022,True,Unlock fee:Any platform
any_market_fe_scooter_only,ols_cluster,market_fe,ur_boxcox,unlock_fee_z:competition_z,0.025353283353625078,0.010915869370531187,0.020200231270555723,0.00395857252744004,0.04674799417981011,11149,75,30,0.8420244525912022,True,Unlock fee:Competition
any_market_fe_scooter_only,ols_cluster,market_fe,ur_boxcox,platform_any:competition_z,-0.00844307083733186,0.023646407599517714,0.7210505439593928,-0.05478917809614081,0.03790303642147709,11149,75,30,0.8420244525912022,False,Any platform:Competition
any_market_fe_scooter_only,ols_cluster,market_fe,ur_boxcox,unlock_fee_z:platform_any:competition_z,-0.007495256986899508,0.015485405706151098,0.6283711749600496,-0.037846094456946706,0.02285558048314769,11149,75,30,0.8420244525912022,False,Unlock fee:Any platform:Competition
any_market_fe_scooter_only,ols_cluster,market_fe,ur_boxcox,price_per_minute_z:platform_any,0.07490868560956529,0.027404502075188058,0.006267568417387467,0.021196848527943526,0.12862052269118707,11149,75,30,0.8420244525912022,True,Price/min:Any platform
any_market_fe_scooter_only,ols_cluster,market_fe,ur_boxcox,price_per_minute_z:competition_z,-0.0036484435765747453,0.025012310283070147,0.8840272380243303,-0.05267167090153308,0.045374783748383586,11149,75,30,0.8420244525912022,False,Price/min:Competition
any_market_fe_scooter_only,ols_cluster,market_fe,ur_boxcox,price_per_minute_z:platform_any:competition_z,-0.049708356517477924,0.036881148988229036,0.17772320719976353,-0.12199408024286268,0.02257736720790684,11149,75,30,0.8420244525912022,False,Price/min:Any platform:Competition
type_market_fe_scooter_only,ols_cluster,market_fe,ur_boxcox,unlock_fee_z:large_only,-0.04545956747845687,0.02335213011406929,0.05157083601709103,-0.09122890146432591,0.0003097665074121639,11149,75,30,0.8517795370460359,False,Unlock fee:FreeNow only
type_market_fe_scooter_only,ols_cluster,market_fe,ur_boxcox,unlock_fee_z:competition_z,0.020682288124220467,0.009874320114215239,0.036210735209079976,0.0013289763285391672,0.04003559991990177,11149,75,30,0.8517795370460359,True,Unlock fee:Competition
type_market_fe_scooter_only,ols_cluster,market_fe,ur_boxcox,large_only:competition_z,0.0075964399783399325,0.02158578928734469,0.7248993362765852,-0.03471092960272618,0.04990380955940605,11149,75,30,0.8517795370460359,False,FreeNow only:Competition
type_market_fe_scooter_only,ols_cluster,market_fe,ur_boxcox,unlock_fee_z:large_only:competition_z,-0.009681716921862604,0.027699906751036115,0.7266977252933406,-0.06397253652901129,0.04460910268528609,11149,75,30,0.8517795370460359,False,Unlock fee:FreeNow only:Competition
type_market_fe_scooter_only,ols_cluster,market_fe,ur_boxcox,price_per_minute_z:large_only,0.06691734214006843,0.043747609389809046,0.12611011475416598,-0.01882639667368359,0.15266108095382047,11149,75,30,0.8517795370460359,False,Price/min:FreeNow only
type_market_fe_scooter_only,ols_cluster,market_fe,ur_boxcox,price_per_minute_z:competition_z,-0.036162687739081295,0.023815737807551442,0.12890437306183372,-0.08284067610713103,0.010515300628968438,11149,75,30,0.8517795370460359,False,Price/min:Competition
type_market_fe_scooter_only,ols_cluster,market_fe,ur_boxcox,price_per_minute_z:large_only:competition_z,-0.02655967167901896,0.07190376982086326,0.7118459835491048,-0.167488470880569,0.11436912752253109,11149,75,30,0.8517795370460359,False,Price/min:FreeNow only:Competition
type_market_fe_scooter_only,ols_cluster,market_fe,ur_boxcox,unlock_fee_z:local_only,-0.13268769694532986,0.08340493745107322,0.11163536977069204,-0.2961583704822493,0.030782976591589573,11149,75,30,0.8517795370460359,False,Unlock fee:Local MaaS only
type_market_fe_scooter_only,ols_cluster,market_fe,ur_boxcox,local_only:competition_z,-0.14645279273964623,0.12238731712818506,0.23144934448097998,-0.38632752647537105,0.09342194099607856,11149,75,30,0.8517795370460359,False,Local MaaS only:Competition
type_market_fe_scooter_only,ols_cluster,market_fe,ur_boxcox,unlock_fee_z:local_only:competition_z,0.020807826083662714,0.029892011061907673,0.4863662655383788,-0.03777943902314922,0.07939509119047465,11149,75,30,0.8517795370460359,False,Unlock fee:Local MaaS only:Competition
type_market_fe_scooter_only,ols_cluster,market_fe,ur_boxcox,price_per_minute_z:local_only,0.19898616722406604,0.20234583355633384,0.3254123742355157,-0.19760437896808464,0.5955767134162167,11149,75,30,0.8517795370460359,False,Price/min:Local MaaS only
type_market_fe_scooter_only,ols_cluster,market_fe,ur_boxcox,price_per_minute_z:local_only:competition_z,0.07999221109753533,0.10050841103628184,0.4261042338677622,-0.11700065467692518,0.27698507687199586,11149,75,30,0.8517795370460359,False,Price/min:Local MaaS only:Competition
type_market_fe_scooter_only,ols_cluster,market_fe,ur_boxcox,unlock_fee_z:multi_platform,-0.10824478604438059,0.03922197568673414,0.005783685846388204,-0.18511844579288517,-0.03137112629587602,11149,75,30,0.8517795370460359,True,Unlock fee:Multi-platform
type_market_fe_scooter_only,ols_cluster,market_fe,ur_boxcox,multi_platform:competition_z,-0.08075369933177355,0.028698754651547236,0.004895361085458183,-0.1370022248499575,-0.024505173813589617,11149,75,30,0.8517795370460359,True,Multi-platform:Competition
type_market_fe_scooter_only,ols_cluster,market_fe,ur_boxcox,unlock_fee_z:multi_platform:competition_z,0.023446641172394894,0.02757350950103773,0.3951404559179149,-0.030596444377012054,0.07748972672180185,11149,75,30,0.8517795370460359,False,Unlock fee:Multi-platform:Competition
type_market_fe_scooter_only,ols_cluster,market_fe,ur_boxcox,price_per_minute_z:multi_platform,0.05697626644737635,0.09455626574549567,0.5467983197645414,-0.12835060892639355,0.24230314182114626,11149,75,30,0.8517795370460359,False,Price/min:Multi-platform
type_market_fe_scooter_only,ols_cluster,market_fe,ur_boxcox,price_per_minute_z:multi_platform:competition_z,0.004951974230821715,0.07757713755717438,0.9491032754388743,-0.14709642140494966,0.1570003698665931,11149,75,30,0.8517795370460359,False,Price/min:Multi-platform:Competition
any_unit_fe_scooter_only,ols_cluster,unit_fe,ur_boxcox,unlock_fee_z:platform_any,0.008977748088108141,0.04025820460594807,0.823532249739463,-0.06992688302179459,0.08788237919801087,11149,75,30,0.8835181051504082,False,Unlock fee:Any platform
any_unit_fe_scooter_only,ols_cluster,unit_fe,ur_boxcox,unlock_fee_z:competition_z,-0.06208906698300274,0.03520963713114458,0.07783116927690004,-0.1310986876687703,0.006920553702764835,11149,75,30,0.8835181051504082,False,Unlock fee:Competition
any_unit_fe_scooter_only,ols_cluster,unit_fe,ur_boxcox,platform_any:competition_z,-0.00042546031161625906,0.04838446293379219,0.9929840320925057,-0.09525726507316216,0.09440634444992964,11149,75,30,0.8835181051504082,False,Any platform:Competition
any_unit_fe_scooter_only,ols_cluster,unit_fe,ur_boxcox,unlock_fee_z:platform_any:competition_z,0.06621500232604938,0.0904223974364631,0.4639943829691673,-0.11100964004518521,0.24343964469728396,11149,75,30,0.8835181051504082,False,Unlock fee:Any platform:Competition
any_unit_fe_scooter_only,ols_cluster,unit_fe,ur_boxcox,price_per_minute_z:platform_any,0.014341939086578919,0.09507548275757849,0.8800956818151222,-0.17200258293103382,0.20068646110419164,11149,75,30,0.8835181051504082,False,Price/min:Any platform
any_unit_fe_scooter_only,ols_cluster,unit_fe,ur_boxcox,price_per_minute_z:competition_z,-0.15395373489114614,0.08184868863230281,0.05997798271713546,-0.3143742167922926,0.006466747010000301,11149,75,30,0.8835181051504082,False,Price/min:Competition
any_unit_fe_scooter_only,ols_cluster,unit_fe,ur_boxcox,price_per_minute_z:platform_any:competition_z,-0.059456814988316384,0.1548646373746559,0.7010320784651185,-0.36298592672149754,0.24407229674486475,11149,75,30,0.8835181051504082,False,Price/min:Any platform:Competition
type_unit_fe_scooter_only,ols_cluster,unit_fe,ur_boxcox,unlock_fee_z:large_only,0.008712835153373103,0.04036210662508239,0.8290916471141672,-0.07039544017195389,0.0878211104787001,11149,75,30,0.8843570970391048,False,Unlock fee:FreeNow only
type_unit_fe_scooter_only,ols_cluster,unit_fe,ur_boxcox,unlock_fee_z:competition_z,0.09971316531153768,0.055055125889868495,0.07011742736903132,-0.008192898596923265,0.20761922921999862,11149,75,30,0.8843570970391048,False,Unlock fee:Competition
type_unit_fe_scooter_only,ols_cluster,unit_fe,ur_boxcox,large_only:competition_z,-0.0005455055597909195,0.0484796517954715,0.9910221863546115,-0.09556387706195762,0.09447286594237578,11149,75,30,0.8843570970391048,False,FreeNow only:Competition
type_unit_fe_scooter_only,ols_cluster,unit_fe,ur_boxcox,unlock_fee_z:large_only:competition_z,0.06561017651875974,0.09064265974501359,0.4691680761301946,-0.11204617204438545,0.24326652508190494,11149,75,30,0.8843570970391048,False,Unlock fee:FreeNow only:Competition
type_unit_fe_scooter_only,ols_cluster,unit_fe,ur_boxcox,price_per_minute_z:large_only,0.0154204378911278,0.09531068833873402,0.8714702232036171,-0.1713850785945126,0.20222595437676819,11149,75,30,0.8843570970391048,False,Price/min:FreeNow only
type_unit_fe_scooter_only,ols_cluster,unit_fe,ur_boxcox,price_per_minute_z:competition_z,-0.4609231894484596,0.08458854649030086,5.065314135612149e-08,-0.6267136940740413,-0.2951326848228779,11149,75,30,0.8843570970391048,True,Price/min:Competition
type_unit_fe_scooter_only,ols_cluster,unit_fe,ur_boxcox,price_per_minute_z:large_only:competition_z,-0.058036413719138785,0.15522467500229367,0.7084887450292774,-0.3622711862355692,0.24619835879729166,11149,75,30,0.8843570970391048,False,Price/min:FreeNow only:Competition
type_unit_fe_scooter_only,ols_cluster,unit_fe,ur_boxcox,unlock_fee_z:local_only,-1.1527847132943858,0.36319281028157874,0.0015033838268692108,-1.8646295408901687,-0.4409398856986029,11149,75,30,0.8843570970391048,True,Unlock fee:Local MaaS only
type_unit_fe_scooter_only,ols_cluster,unit_fe,ur_boxcox,local_only:competition_z,1.3134718608439566,0.39406183023742236,0.000858649754134795,0.541124865896672,2.085818855791241,11149,75,30,0.8843570970391048,True,Local MaaS only:Competition
type_unit_fe_scooter_only,ols_cluster,unit_fe,ur_boxcox,unlock_fee_z:local_only:competition_z,-0.8742232724038834,0.29731330175351145,0.0032777725890310513,-1.4569466359654553,-0.2914999088423117,11149,75,30,0.8843570970391048,True,Unlock fee:Local MaaS only:Competition
type_unit_fe_scooter_only,ols_cluster,unit_fe,ur_boxcox,price_per_minute_z:local_only,0.019285936203380198,0.051489890402633784,0.7079894184366293,-0.08163239455369661,0.120204266960457,11149,75,30,0.8843570970391048,False,Price/min:Local MaaS only
type_unit_fe_scooter_only,ols_cluster,unit_fe,ur_boxcox,price_per_minute_z:local_only:competition_z,-0.34399252228904953,0.13294314040318111,0.009667066501504345,-0.6045562894709362,-0.0834287551071628,11149,75,30,0.8843570970391048,True,Price/min:Local MaaS only:Competition
type_unit_fe_scooter_only,ols_cluster,unit_fe,ur_boxcox,unlock_fee_z:multi_platform,-0.43393482001293865,0.10452729320882195,3.3044467503923226e-05,-0.6388045501036879,-0.22906508992218944,11149,75,30,0.8843570970391048,True,Unlock fee:Multi-platform
type_unit_fe_scooter_only,ols_cluster,unit_fe,ur_boxcox,multi_platform:competition_z,-0.017241168388576082,0.04217160340252281,0.6826617810759884,-0.09989599222782758,0.06541365545067543,11149,75,30,0.8843570970391048,False,Multi-platform:Competition
type_unit_fe_scooter_only,ols_cluster,unit_fe,ur_boxcox,unlock_fee_z:multi_platform:competition_z,1.2328502927090572,0.36546778385036083,0.0007425983094473621,0.5165465988526808,1.9491539865654337,11149,75,30,0.8843570970391048,True,Unlock fee:Multi-platform:Competition
type_unit_fe_scooter_only,ols_cluster,unit_fe,ur_boxcox,price_per_minute_z:multi_platform,-0.2868052903527102,0.10593733048080475,0.00678306998944859,-0.49443864271340476,-0.07917193799201558,11149,75,30,0.8843570970391048,True,Price/min:Multi-platform
type_unit_fe_scooter_only,ols_cluster,unit_fe,ur_boxcox,price_per_minute_z:multi_platform:competition_z,-1.8784412298862323,0.6297710015630028,0.0028568342393615162,-3.112769711457436,-0.6441127483150286,11149,75,30,0.8843570970391048,True,Price/min:Multi-platform:Competition
any_market_fe_scooter_only,ols_cluster,market_fe,log_trip_count_day,unlock_fee_z:platform_any,-0.30655817561130294,0.0949784526687609,0.0012480711537507384,-0.4927125221494165,-0.12040382907318939,11149,75,30,0.9551886093589191,True,Unlock fee:Any platform
any_market_fe_scooter_only,ols_cluster,market_fe,log_trip_count_day,unlock_fee_z:competition_z,0.1292181961146291,0.07357626900464653,0.07904602366082247,-0.014988641251308804,0.273425033480567,11149,75,30,0.9551886093589191,False,Unlock fee:Competition
any_market_fe_scooter_only,ols_cluster,market_fe,log_trip_count_day,platform_any:competition_z,-0.15682675667005802,0.10919677150128726,0.15094972856734043,-0.37084849604063086,0.05719498270051479,11149,75,30,0.9551886093589191,False,Any platform:Competition
any_market_fe_scooter_only,ols_cluster,market_fe,log_trip_count_day,unlock_fee_z:platform_any:competition_z,-0.07393588448363714,0.08611521922819945,0.39057817531176064,-0.24271861269167921,0.09484684372440494,11149,75,30,0.9551886093589191,False,Unlock fee:Any platform:Competition
any_market_fe_scooter_only,ols_cluster,market_fe,log_trip_count_day,price_per_minute_z:platform_any,0.3857062918324667,0.13654999076014834,0.004733189778114187,0.11807322785329877,0.6533393558116346,11149,75,30,0.9551886093589191,True,Price/min:Any platform
any_market_fe_scooter_only,ols_cluster,market_fe,log_trip_count_day,price_per_minute_z:competition_z,-0.25733238349464266,0.12800185177242315,0.04439096847613573,-0.5082114029230265,-0.006453364066258793,11149,75,30,0.9551886093589191,True,Price/min:Competition
any_market_fe_scooter_only,ols_cluster,market_fe,log_trip_count_day,price_per_minute_z:platform_any:competition_z,-0.1454536950410532,0.18520179829695585,0.4322310987093304,-0.5084425495751381,0.21753515949303176,11149,75,30,0.9551886093589191,False,Price/min:Any platform:Competition
type_market_fe_scooter_only,ols_cluster,market_fe,log_trip_count_day,unlock_fee_z:large_only,-0.1345614752847789,0.13732375151644394,0.3271429202835391,-0.40371108247893667,0.13458813190937885,11149,75,30,0.9586119367566114,False,Unlock fee:FreeNow only
type_market_fe_scooter_only,ols_cluster,market_fe,log_trip_count_day,unlock_fee_z:competition_z,0.1051282290187164,0.06117042245281562,0.08568502447246443,-0.014763595907902494,0.22502005394533528,11149,75,30,0.9586119367566114,False,Unlock fee:Competition
type_market_fe_scooter_only,ols_cluster,market_fe,log_trip_count_day,large_only:competition_z,-0.12335406066324761,0.11886239968168498,0.29936841756671706,-0.35632008315535535,0.10961196182886013,11149,75,30,0.9586119367566114,False,FreeNow only:Competition
type_market_fe_scooter_only,ols_cluster,market_fe,log_trip_count_day,unlock_fee_z:large_only:competition_z,0.08303283290082336,0.16770883130557726,0.6205287319578632,-0.2456704363474116,0.4117361021490583,11149,75,30,0.9586119367566114,False,Unlock fee:FreeNow only:Competition
type_market_fe_scooter_only,ols_cluster,market_fe,log_trip_count_day,price_per_minute_z:large_only,0.30810246614448983,0.2429916584734169,0.2048140536938733,-0.16815243300706434,0.784357365296044,11149,75,30,0.9586119367566114,False,Price/min:FreeNow only
type_market_fe_scooter_only,ols_cluster,market_fe,log_trip_count_day,price_per_minute_z:competition_z,-0.4565439225752043,0.1386872412970651,0.0009951453821082912,-0.728365920632668,-0.18472192451774067,11149,75,30,0.9586119367566114,True,Price/min:Competition
type_market_fe_scooter_only,ols_cluster,market_fe,log_trip_count_day,price_per_minute_z:large_only:competition_z,-0.25175842396628934,0.39190894319656944,0.5206199281283478,-1.0198858378507194,0.5163689899181406,11149,75,30,0.9586119367566114,False,Price/min:FreeNow only:Competition
type_market_fe_scooter_only,ols_cluster,market_fe,log_trip_count_day,unlock_fee_z:local_only,-1.7120731104571116,0.3742596018258306,4.772211884296719e-06,-2.4456084509040408,-0.9785377700101826,11149,75,30,0.9586119367566114,True,Unlock fee:Local MaaS only
type_market_fe_scooter_only,ols_cluster,market_fe,log_trip_count_day,local_only:competition_z,-1.202567142552811,0.5692019324474257,0.03462431376012996,-2.318182430080366,-0.08695185502525593,11149,75,30,0.9586119367566114,True,Local MaaS only:Competition
type_market_fe_scooter_only,ols_cluster,market_fe,log_trip_count_day,unlock_fee_z:local_only:competition_z,0.4591768553562905,0.13622197094648889,0.0007495057771905509,0.19218669839811064,0.7261670123144703,11149,75,30,0.9586119367566114,True,Unlock fee:Local MaaS only:Competition
type_market_fe_scooter_only,ols_cluster,market_fe,log_trip_count_day,price_per_minute_z:local_only,3.140318079987148,0.8698110463567902,0.0003057898362865897,1.43551975577274,4.845116404201557,11149,75,30,0.9586119367566114,True,Price/min:Local MaaS only
type_market_fe_scooter_only,ols_cluster,market_fe,log_trip_count_day,price_per_minute_z:local_only:competition_z,0.0010350833019192522,0.6078550194627416,0.9986413263686692,-1.1903388626669478,1.1924090292707863,11149,75,30,0.9586119367566114,False,Price/min:Local MaaS only:Competition
type_market_fe_scooter_only,ols_cluster,market_fe,log_trip_count_day,unlock_fee_z:multi_platform,-0.800471485422165,0.2148509005951522,0.00019476860881588115,-1.2215715126346585,-0.3793714582096714,11149,75,30,0.9586119367566114,True,Unlock fee:Multi-platform
type_market_fe_scooter_only,ols_cluster,market_fe,log_trip_count_day,multi_platform:competition_z,-0.3304876247966205,0.18053472458227834,0.06715964144588239,-0.684329182936744,0.023353933343502997,11149,75,30,0.9586119367566114,False,Multi-platform:Competition
type_market_fe_scooter_only,ols_cluster,market_fe,log_trip_count_day,unlock_fee_z:multi_platform:competition_z,0.305056786139644,0.15289995220764394,0.04602763026061073,0.005378386574766358,0.6047351857045216,11149,75,30,0.9586119367566114,True,Unlock fee:Multi-platform:Competition
type_market_fe_scooter_only,ols_cluster,market_fe,log_trip_count_day,price_per_minute_z:multi_platform,1.323103697032438,0.479660098585951,0.005808163540887134,0.38298717898304224,2.2632202150818337,11149,75,30,0.9586119367566114,True,Price/min:Multi-platform
type_market_fe_scooter_only,ols_cluster,market_fe,log_trip_count_day,price_per_minute_z:multi_platform:competition_z,-0.5850678108482237,0.4333354729800866,0.17696793047104653,-1.434389731112823,0.26425410941637584,11149,75,30,0.9586119367566114,False,Price/min:Multi-platform:Competition
any_unit_fe_scooter_only,ols_cluster,unit_fe,log_trip_count_day,unlock_fee_z:platform_any,0.31688559866796523,0.1974382618985201,0.10849693869891018,-0.07008628382332094,0.7038574811592514,11149,75,30,0.9739279958599387,False,Unlock fee:Any platform
any_unit_fe_scooter_only,ols_cluster,unit_fe,log_trip_count_day,unlock_fee_z:competition_z,-0.2907910789040428,0.11523250301451486,0.011618773347634344,-0.5166426346608952,-0.06493952314719048,11149,75,30,0.9739279958599387,True,Unlock fee:Competition
any_unit_fe_scooter_only,ols_cluster,unit_fe,log_trip_count_day,platform_any:competition_z,-0.2354979922828004,0.1370093767898123,0.0856424528620632,-0.5040314363351105,0.0330354517695097,11149,75,30,0.9739279958599387,False,Any platform:Competition
any_unit_fe_scooter_only,ols_cluster,unit_fe,log_trip_count_day,unlock_fee_z:platform_any:competition_z,0.7330907671493737,0.284732655751703,0.010033766007131848,0.17502501665359438,1.291156517645153,11149,75,30,0.9739279958599387,True,Unlock fee:Any platform:Competition
any_unit_fe_scooter_only,ols_cluster,unit_fe,log_trip_count_day,price_per_minute_z:platform_any,-0.24943831398337038,0.444884015746346,0.5750145634505855,-1.1213949621437589,0.6225183341770181,11149,75,30,0.9739279958599387,False,Price/min:Any platform
any_unit_fe_scooter_only,ols_cluster,unit_fe,log_trip_count_day,price_per_minute_z:competition_z,0.0016397504123839136,0.3089702958758356,0.9957655301710202,-0.6039309017969382,0.6072104026217061,11149,75,30,0.9739279958599387,False,Price/min:Competition
any_unit_fe_scooter_only,ols_cluster,unit_fe,log_trip_count_day,price_per_minute_z:platform_any:competition_z,-0.699052285016003,0.5820368952329946,0.2297338911837955,-1.8398236373461851,0.4417190673141791,11149,75,30,0.9739279958599387,False,Price/min:Any platform:Competition
type_unit_fe_scooter_only,ols_cluster,unit_fe,log_trip_count_day,unlock_fee_z:large_only,0.31695861210033804,0.19751653773111197,0.10855557928974074,-0.0701666882036881,0.7040839124043642,11149,75,30,0.9740114414602802,False,Unlock fee:FreeNow only
type_unit_fe_scooter_only,ols_cluster,unit_fe,log_trip_count_day,unlock_fee_z:competition_z,-0.37104742841716026,0.1114749361354936,0.0008730627854675147,-0.5895342884216304,-0.15256056841269017,11149,75,30,0.9740114414602802,True,Unlock fee:Competition
type_unit_fe_scooter_only,ols_cluster,unit_fe,log_trip_count_day,large_only:competition_z,-0.23520793845973564,0.13705737633268605,0.08613870115909965,-0.5038354598873527,0.03341958296788139,11149,75,30,0.9740114414602802,False,FreeNow only:Competition
type_unit_fe_scooter_only,ols_cluster,unit_fe,log_trip_count_day,unlock_fee_z:large_only:competition_z,0.73328556719202,0.28482333681784067,0.010037705177356556,0.17504208507253116,1.2915290493115088,11149,75,30,0.9740114414602802,True,Unlock fee:FreeNow only:Competition
type_unit_fe_scooter_only,ols_cluster,unit_fe,log_trip_count_day,price_per_minute_z:large_only,-0.2498325944950226,0.444761967952687,0.5743054238314433,-1.121550033375447,0.6218848443854017,11149,75,30,0.9740114414602802,False,Price/min:FreeNow only
type_unit_fe_scooter_only,ols_cluster,unit_fe,log_trip_count_day,price_per_minute_z:competition_z,-0.2796523609116572,0.159673771722186,0.07987733795817034,-0.5926072027628119,0.0333024809394975,11149,75,30,0.9740114414602802,False,Price/min:Competition
type_unit_fe_scooter_only,ols_cluster,unit_fe,log_trip_count_day,price_per_minute_z:large_only:competition_z,-0.6998004724882737,0.5818885547558313,0.22911697830056377,-1.8402810828257663,0.440680137849219,11149,75,30,0.9740114414602802,False,Price/min:FreeNow only:Competition
type_unit_fe_scooter_only,ols_cluster,unit_fe,log_trip_count_day,unlock_fee_z:local_only,1.3653619058577244,0.7220851487042544,0.058643038650179016,-0.04989897937386356,2.7806227910893124,11149,75,30,0.9740114414602802,False,Unlock fee:Local MaaS only
type_unit_fe_scooter_only,ols_cluster,unit_fe,log_trip_count_day,local_only:competition_z,-2.005044236272603,0.8194262301288514,0.014409559534229587,-3.611090135312582,-0.39899833723262423,11149,75,30,0.9740114414602802,True,Local MaaS only:Competition
type_unit_fe_scooter_only,ols_cluster,unit_fe,log_trip_count_day,unlock_fee_z:local_only:competition_z,1.5591435706119685,0.5797441906053298,0.007158815719332468,0.42286583677919776,2.6954213044447393,11149,75,30,0.9740114414602802,True,Unlock fee:Local MaaS only:Competition
type_unit_fe_scooter_only,ols_cluster,unit_fe,log_trip_count_day,price_per_minute_z:local_only,-0.002842122055229167,0.09210631467353228,0.9753836042251622,-0.18336718156406553,0.17768293745360722,11149,75,30,0.9740114414602802,False,Price/min:Local MaaS only
type_unit_fe_scooter_only,ols_cluster,unit_fe,log_trip_count_day,price_per_minute_z:local_only:competition_z,1.0099931897047512,0.2987813576518645,0.0007238685375229799,0.4243924894551159,1.5955938899543864,11149,75,30,0.9740114414602802,True,Price/min:Local MaaS only:Competition
type_unit_fe_scooter_only,ols_cluster,unit_fe,log_trip_count_day,unlock_fee_z:multi_platform,0.6243451443703693,0.22342859486154126,0.005199879762638773,0.18643314532535737,1.0622571434153811,11149,75,30,0.9740114414602802,True,Unlock fee:Multi-platform
type_unit_fe_scooter_only,ols_cluster,unit_fe,log_trip_count_day,multi_platform:competition_z,-0.36956369081207685,0.11706568903992914,0.0015946061135208287,-0.5990082251557033,-0.14011915646845038,11149,75,30,0.9740114414602802,True,Multi-platform:Competition
type_unit_fe_scooter_only,ols_cluster,unit_fe,log_trip_count_day,unlock_fee_z:multi_platform:competition_z,-1.2512014129475189,0.7184864860405015,0.08160640710435,-2.6594090489656423,0.1570062230706044,11149,75,30,0.9740114414602802,False,Unlock fee:Multi-platform:Competition
type_unit_fe_scooter_only,ols_cluster,unit_fe,log_trip_count_day,price_per_minute_z:multi_platform,0.2859765496251429,0.24287754810707338,0.23901531797497,-0.1900546973181153,0.7620077965684011,11149,75,30,0.9740114414602802,False,Price/min:Multi-platform
type_unit_fe_scooter_only,ols_cluster,unit_fe,log_trip_count_day,price_per_minute_z:multi_platform:competition_z,3.194957679352517,1.2648090774289091,0.011535651302550333,0.7159774402725225,5.673937918432511,11149,75,30,0.9740114414602802,True,Price/min:Multi-platform:Competition
dml_competition_all,dml_hgb,ml_residualized,ur_boxcox,unlock_fee_z_x_platform_any_x_competition_z,0.016860709220111854,0.017029147833295618,0.3221209398514564,-0.016515807220555852,0.05023722566077956,14514,97,30,0.026491142482804597,False,Unlock fee_x_Any platform_x_Competition
dml_competition_all,dml_hgb,ml_residualized,ur_boxcox,price_per_minute_z_x_platform_any_x_competition_z,-0.02441057866230524,0.02950690288265327,0.40807630202483336,-0.08224304560762676,0.033421888283016274,14514,97,30,0.026491142482804597,False,Price/min_x_Any platform_x_Competition
dml_competition_all,dml_hgb,ml_residualized,ur_boxcox,unlock_fee_z_x_large_only_x_competition_z,0.012932181771757307,0.0321107112437725,0.6871414766280983,-0.05000365578400217,0.07586801932751679,14514,97,30,0.026491142482804597,False,Unlock fee_x_FreeNow only_x_Competition
dml_competition_all,dml_hgb,ml_residualized,ur_boxcox,unlock_fee_z_x_local_only_x_competition_z,-0.006183974629813246,0.02135877642990973,0.7721769688976299,-0.04804640718627931,0.03567845792665282,14514,97,30,0.026491142482804597,False,Unlock fee_x_Local MaaS only_x_Competition
dml_competition_all,dml_hgb,ml_residualized,ur_boxcox,unlock_fee_z_x_multi_platform_x_competition_z,0.011283171174400908,0.02606735804039629,0.6651261084831332,-0.039807911756886416,0.06237425410568824,14514,97,30,0.026491142482804597,False,Unlock fee_x_Multi-platform_x_Competition
dml_competition_all,dml_hgb,ml_residualized,ur_boxcox,price_per_minute_z_x_large_only_x_competition_z,-0.0412468226570441,0.06265840247284116,0.5103577197159802,-0.16405503483262823,0.08156138951854003,14514,97,30,0.026491142482804597,False,Price/min_x_FreeNow only_x_Competition
dml_competition_all,dml_hgb,ml_residualized,ur_boxcox,price_per_minute_z_x_local_only_x_competition_z,0.020040625664843836,0.032237448030134286,0.5341676271141691,-0.04314361142770107,0.08322486275738875,14514,97,30,0.026491142482804597,False,Price/min_x_Local MaaS only_x_Competition
dml_competition_all,dml_hgb,ml_residualized,ur_boxcox,price_per_minute_z_x_multi_platform_x_competition_z,0.0025972518827139736,0.044315024765279536,0.9532636751190479,-0.08425860063123447,0.08945310439666243,14514,97,30,0.026491142482804597,False,Price/min_x_Multi-platform_x_Competition
dml_competition_all,dml_rf,ml_residualized,ur_boxcox,unlock_fee_z_x_platform_any_x_competition_z,-0.28722066983572797,0.11158579039925716,0.010053327988419833,-0.5059248002047073,-0.0685165394667486,14514,97,30,0.05172925936244821,True,Unlock fee_x_Any platform_x_Competition
dml_competition_all,dml_rf,ml_residualized,ur_boxcox,price_per_minute_z_x_platform_any_x_competition_z,-0.16207693229355444,0.13519512107792345,0.2305912779883017,-0.42705450049181637,0.10290063590470747,14514,97,30,0.05172925936244821,False,Price/min_x_Any platform_x_Competition
dml_competition_all,dml_rf,ml_residualized,ur_boxcox,unlock_fee_z_x_large_only_x_competition_z,0.40735566427982695,0.13753638483741493,0.003058434931480785,0.1377893034346529,0.676922025125001,14514,97,30,0.05172925936244821,True,Unlock fee_x_FreeNow only_x_Competition
dml_competition_all,dml_rf,ml_residualized,ur_boxcox,unlock_fee_z_x_local_only_x_competition_z,0.249510444529938,0.10216459177894816,0.014596442583323098,0.049271524147962736,0.4497493649119133,14514,97,30,0.05172925936244821,True,Unlock fee_x_Local MaaS only_x_Competition
dml_competition_all,dml_rf,ml_residualized,ur_boxcox,unlock_fee_z_x_multi_platform_x_competition_z,0.31072642691406993,0.11668218946198414,0.007744394971363698,0.082033537931302,0.5394193158968379,14514,97,30,0.05172925936244821,True,Unlock fee_x_Multi-platform_x_Competition
dml_competition_all,dml_rf,ml_residualized,ur_boxcox,price_per_minute_z_x_large_only_x_competition_z,-0.0030332099222820353,0.1832344089930431,0.9867926507144543,-0.36216605227712867,0.35609963243256465,14514,97,30,0.05172925936244821,False,Price/min_x_FreeNow only_x_Competition
dml_competition_all,dml_rf,ml_residualized,ur_boxcox,price_per_minute_z_x_local_only_x_competition_z,0.1834973981040439,0.14479495988721805,0.205051137465864,-0.10029550841782528,0.46729030462591303,14514,97,30,0.05172925936244821,False,Price/min_x_Local MaaS only_x_Competition
dml_competition_all,dml_rf,ml_residualized,ur_boxcox,price_per_minute_z_x_multi_platform_x_competition_z,0.1509451707129957,0.11964899964637749,0.2071048139385212,-0.08356255938014984,0.38545290080614125,14514,97,30,0.05172925936244821,False,Price/min_x_Multi-platform_x_Competition
dml_competition_all,dml_hgb,ml_residualized,log_trip_count_day,unlock_fee_z_x_platform_any_x_competition_z,0.11834838030327602,0.10281675496878517,0.24970704701423607,-0.08316875644282257,0.3198655170493746,14514,97,30,0.0672093375106475,False,Unlock fee_x_Any platform_x_Competition
dml_competition_all,dml_hgb,ml_residualized,log_trip_count_day,price_per_minute_z_x_platform_any_x_competition_z,-0.1588630780689635,0.14912559015355006,0.2867414460369334,-0.45114386394320255,0.13341770780527556,14514,97,30,0.0672093375106475,False,Price/min_x_Any platform_x_Competition
dml_competition_all,dml_hgb,ml_residualized,log_trip_count_day,unlock_fee_z_x_large_only_x_competition_z,-0.1961859823026907,0.24193529172992453,0.41742154723030933,-0.6703704406825339,0.2779984760771526,14514,97,30,0.0672093375106475,False,Unlock fee_x_FreeNow only_x_Competition
dml_competition_all,dml_hgb,ml_residualized,log_trip_count_day,unlock_fee_z_x_local_only_x_competition_z,0.11387050096047026,0.14763977392920918,0.44054541518097434,-0.1754981386264154,0.4032391405473559,14514,97,30,0.0672093375106475,False,Unlock fee_x_Local MaaS only_x_Competition
dml_competition_all,dml_hgb,ml_residualized,log_trip_count_day,unlock_fee_z_x_multi_platform_x_competition_z,0.16892336318069653,0.17256792065306503,0.32763905478658184,-0.16930354618627672,0.5071502725476698,14514,97,30,0.0672093375106475,False,Unlock fee_x_Multi-platform_x_Competition
dml_competition_all,dml_hgb,ml_residualized,log_trip_count_day,price_per_minute_z_x_large_only_x_competition_z,0.44413229363876294,0.44234690338732835,0.31536117654386786,-0.4228517056732195,1.3111162929507454,14514,97,30,0.0672093375106475,False,Price/min_x_FreeNow only_x_Competition
dml_competition_all,dml_hgb,ml_residualized,log_trip_count_day,price_per_minute_z_x_local_only_x_competition_z,-0.006564441567688,0.1386085964625057,0.9622266625719144,-0.2782322985818451,0.26510341544646915,14514,97,30,0.0672093375106475,False,Price/min_x_Local MaaS only_x_Competition
dml_competition_all,dml_hgb,ml_residualized,log_trip_count_day,price_per_minute_z_x_multi_platform_x_competition_z,-0.36832974050656375,0.2616029616688998,0.15913925330145728,-0.8810621236266196,0.14440264261349212,14514,97,30,0.0672093375106475,False,Price/min_x_Multi-platform_x_Competition
dml_competition_all,dml_rf,ml_residualized,log_trip_count_day,unlock_fee_z_x_platform_any_x_competition_z,-1.7058908686542982,0.9296543672998305,0.06650965738388316,-3.527979946632337,0.11619820932374059,14514,97,30,0.07618381063330593,False,Unlock fee_x_Any platform_x_Competition
dml_competition_all,dml_rf,ml_residualized,log_trip_count_day,price_per_minute_z_x_platform_any_x_competition_z,-1.3906891018771166,0.9721288454540512,0.15255622240816288,-3.296026627299561,0.5146484235453279,14514,97,30,0.07618381063330593,False,Price/min_x_Any platform_x_Competition
dml_competition_all,dml_rf,ml_residualized,log_trip_count_day,unlock_fee_z_x_large_only_x_competition_z,2.2812827058275844,1.0280316335081219,0.026481396991413893,0.2663777291837852,4.296187682471384,14514,97,30,0.07618381063330593,True,Unlock fee_x_FreeNow only_x_Competition
dml_competition_all,dml_rf,ml_residualized,log_trip_count_day,unlock_fee_z_x_local_only_x_competition_z,1.0142124743685452,0.8964262418531859,0.2578887312072361,-0.7427506744602912,2.7711756231973816,14514,97,30,0.07618381063330593,False,Unlock fee_x_Local MaaS only_x_Competition
dml_competition_all,dml_rf,ml_residualized,log_trip_count_day,unlock_fee_z_x_multi_platform_x_competition_z,1.6959904185154981,0.9670853097648028,0.07947963682446915,-0.19946195860127713,3.5914427956322736,14514,97,30,0.07618381063330593,False,Unlock fee_x_Multi-platform_x_Competition
dml_competition_all,dml_rf,ml_residualized,log_trip_count_day,price_per_minute_z_x_large_only_x_competition_z,1.413512825531096,1.265426555418216,0.2639837281556616,-1.066677648169186,3.893703299231378,14514,97,30,0.07618381063330593,False,Price/min_x_FreeNow only_x_Competition
dml_competition_all,dml_rf,ml_residualized,log_trip_count_day,price_per_minute_z_x_local_only_x_competition_z,1.6760691171929665,1.0629018901904401,0.11482305601566378,-0.4071803066798436,3.7593185410657766,14514,97,30,0.07618381063330593,False,Price/min_x_Local MaaS only_x_Competition
dml_competition_all,dml_rf,ml_residualized,log_trip_count_day,price_per_minute_z_x_multi_platform_x_competition_z,1.9628355168982532,0.9652025057077078,0.0419919730737807,0.07107336792332997,3.854597665873176,14514,97,30,0.07618381063330593,True,Price/min_x_Multi-platform_x_Competition
dml_competition_no_weak_exposure,dml_hgb,ml_residualized,ur_boxcox,unlock_fee_z_x_platform_any_x_competition_z,0.02169086420351154,0.016527952955510534,0.1893938021839746,-0.010703328327461448,0.054085056734484535,13768,92,30,0.057630221456699715,False,Unlock fee_x_Any platform_x_Competition
dml_competition_no_weak_exposure,dml_hgb,ml_residualized,ur_boxcox,price_per_minute_z_x_platform_any_x_competition_z,-0.03251984650275887,0.013501131695100472,0.016010522003888736,-0.058981578375688,-0.006058114629829733,13768,92,30,0.057630221456699715,True,Price/min_x_Any platform_x_Competition
dml_competition_no_weak_exposure,dml_hgb,ml_residualized,ur_boxcox,unlock_fee_z_x_large_only_x_competition_z,-0.00760275333009122,0.0361290650833035,0.8333296141479302,-0.07841441968846968,0.06320891302828724,13768,92,30,0.057630221456699715,False,Unlock fee_x_FreeNow only_x_Competition
dml_competition_no_weak_exposure,dml_hgb,ml_residualized,ur_boxcox,unlock_fee_z_x_local_only_x_competition_z,-0.035334467414008974,0.012793680908347144,0.005747157784735082,-0.06040962122406706,-0.010259313603950888,13768,92,30,0.057630221456699715,True,Unlock fee_x_Local MaaS only_x_Competition
dml_competition_no_weak_exposure,dml_hgb,ml_residualized,ur_boxcox,unlock_fee_z_x_multi_platform_x_competition_z,-0.039674432693504874,0.01486862691683428,0.007622889542033949,-0.06881640595006289,-0.010532459436946862,13768,92,30,0.057630221456699715,True,Unlock fee_x_Multi-platform_x_Competition
dml_competition_no_weak_exposure,dml_hgb,ml_residualized,ur_boxcox,price_per_minute_z_x_large_only_x_competition_z,0.05051999981149545,0.06917430876000293,0.46518914064385386,-0.08505915401356386,0.18609915363655477,13768,92,30,0.057630221456699715,False,Price/min_x_FreeNow only_x_Competition
dml_competition_no_weak_exposure,dml_hgb,ml_residualized,ur_boxcox,price_per_minute_z_x_local_only_x_competition_z,0.0556638937432231,0.01932259142917882,0.003967081356761494,0.017792310454050282,0.09353547703239593,13768,92,30,0.057630221456699715,True,Price/min_x_Local MaaS only_x_Competition
dml_competition_no_weak_exposure,dml_hgb,ml_residualized,ur_boxcox,price_per_minute_z_x_multi_platform_x_competition_z,-0.02118621958292718,0.019732378449969976,0.28296704871529343,-0.059860970674182626,0.017488531508328267,13768,92,30,0.057630221456699715,False,Price/min_x_Multi-platform_x_Competition
dml_competition_no_weak_exposure,dml_rf,ml_residualized,ur_boxcox,unlock_fee_z_x_platform_any_x_competition_z,0.006276685558518798,0.11915561458451153,0.9579897647675466,-0.2272640275828594,0.239817398699897,13768,92,30,0.02061136936915886,False,Unlock fee_x_Any platform_x_Competition
dml_competition_no_weak_exposure,dml_rf,ml_residualized,ur_boxcox,price_per_minute_z_x_platform_any_x_competition_z,0.15655904094620265,0.1257465415900298,0.21311831350852517,-0.08989965175072376,0.4030177336431291,13768,92,30,0.02061136936915886,False,Price/min_x_Any platform_x_Competition
dml_competition_no_weak_exposure,dml_rf,ml_residualized,ur_boxcox,unlock_fee_z_x_large_only_x_competition_z,0.06387603582203741,0.13893261660472275,0.6456865545098138,-0.20842688900113068,0.33617896064520547,13768,92,30,0.02061136936915886,False,Unlock fee_x_FreeNow only_x_Competition
dml_competition_no_weak_exposure,dml_rf,ml_residualized,ur_boxcox,unlock_fee_z_x_local_only_x_competition_z,-0.005712288791662867,0.12591360771884894,0.9638149983548754,-0.25249842508411136,0.24107384750078562,13768,92,30,0.02061136936915886,False,Unlock fee_x_Local MaaS only_x_Competition
dml_competition_no_weak_exposure,dml_rf,ml_residualized,ur_boxcox,unlock_fee_z_x_multi_platform_x_competition_z,-0.01935678692327738,0.1331671948096108,0.8844289953387413,-0.2803596926723438,0.24164611882578904,13768,92,30,0.02061136936915886,False,Unlock fee_x_Multi-platform_x_Competition
dml_competition_no_weak_exposure,dml_rf,ml_residualized,ur_boxcox,price_per_minute_z_x_large_only_x_competition_z,-0.27617637341915335,0.1849748501356516,0.1354245613534361,-0.6387204177307244,0.0863676708924177,13768,92,30,0.02061136936915886,False,Price/min_x_FreeNow only_x_Competition
dml_competition_no_weak_exposure,dml_rf,ml_residualized,ur_boxcox,price_per_minute_z_x_local_only_x_competition_z,-0.16165143893802314,0.12738323758368897,0.20443515508766363,-0.41131799683616255,0.08801511896011627,13768,92,30,0.02061136936915886,False,Price/min_x_Local MaaS only_x_Competition
dml_competition_no_weak_exposure,dml_rf,ml_residualized,ur_boxcox,price_per_minute_z_x_multi_platform_x_competition_z,-0.16589714015092974,0.10727562059709621,0.12199422434784961,-0.37615349294042155,0.044359212638562046,13768,92,30,0.02061136936915886,False,Price/min_x_Multi-platform_x_Competition
dml_competition_no_weak_exposure,dml_hgb,ml_residualized,log_trip_count_day,unlock_fee_z_x_platform_any_x_competition_z,0.25155298378915425,0.173877783883005,0.14797452865890265,-0.08924121033317461,0.5923471779114831,13768,92,30,0.04781742438313363,False,Unlock fee_x_Any platform_x_Competition
dml_competition_no_weak_exposure,dml_hgb,ml_residualized,log_trip_count_day,price_per_minute_z_x_platform_any_x_competition_z,-0.10435729842384021,0.13961885785598965,0.4547955040629026,-0.3780052313841971,0.16929063453651666,13768,92,30,0.04781742438313363,False,Price/min_x_Any platform_x_Competition
dml_competition_no_weak_exposure,dml_hgb,ml_residualized,log_trip_count_day,unlock_fee_z_x_large_only_x_competition_z,-0.19027991312886688,0.4050236948313374,0.6384983002324909,-0.9841117678836298,0.6035519416258961,13768,92,30,0.04781742438313363,False,Unlock fee_x_FreeNow only_x_Competition
dml_competition_no_weak_exposure,dml_hgb,ml_residualized,log_trip_count_day,unlock_fee_z_x_local_only_x_competition_z,-0.17553520179730497,0.12307827619663714,0.1538083587873545,-0.4167641904219872,0.06569378682737723,13768,92,30,0.04781742438313363,False,Unlock fee_x_Local MaaS only_x_Competition
dml_competition_no_weak_exposure,dml_hgb,ml_residualized,log_trip_count_day,unlock_fee_z_x_multi_platform_x_competition_z,-0.12036773085446958,0.21847532997792354,0.5816718796828837,-0.5485715091217037,0.3078360474127646,13768,92,30,0.04781742438313363,False,Unlock fee_x_Multi-platform_x_Competition
dml_competition_no_weak_exposure,dml_hgb,ml_residualized,log_trip_count_day,price_per_minute_z_x_large_only_x_competition_z,1.0234769551593548,0.6915139439596055,0.13885923124933097,-0.33186546980872134,2.378819380127431,13768,92,30,0.04781742438313363,False,Price/min_x_FreeNow only_x_Competition
dml_competition_no_weak_exposure,dml_hgb,ml_residualized,log_trip_count_day,price_per_minute_z_x_local_only_x_competition_z,0.03604828034405198,0.1731096558529796,0.8350419131392423,-0.3032404105039114,0.37533697119201537,13768,92,30,0.04781742438313363,False,Price/min_x_Local MaaS only_x_Competition
dml_competition_no_weak_exposure,dml_hgb,ml_residualized,log_trip_count_day,price_per_minute_z_x_multi_platform_x_competition_z,-0.17307352177540236,0.4263683176637237,0.6847977731135219,-1.008740068545234,0.6625930249944291,13768,92,30,0.04781742438313363,False,Price/min_x_Multi-platform_x_Competition
dml_competition_no_weak_exposure,dml_rf,ml_residualized,log_trip_count_day,unlock_fee_z_x_platform_any_x_competition_z,-0.2768406461292388,0.9602886176501619,0.7731255259595653,-2.158971751487311,1.605290459228833,13768,92,30,0.05670123576243524,False,Unlock fee_x_Any platform_x_Competition
dml_competition_no_weak_exposure,dml_rf,ml_residualized,log_trip_count_day,price_per_minute_z_x_platform_any_x_competition_z,-1.142361601161859,0.7649909655762123,0.13535847302344445,-2.6417163421897554,0.3569931398660373,13768,92,30,0.05670123576243524,False,Price/min_x_Any platform_x_Competition
dml_competition_no_weak_exposure,dml_rf,ml_residualized,log_trip_count_day,unlock_fee_z_x_large_only_x_competition_z,0.6677567335545156,1.0857293387138693,0.5385345323764907,-1.4602336672831577,2.795747134392189,13768,92,30,0.05670123576243524,False,Unlock fee_x_FreeNow only_x_Competition
dml_competition_no_weak_exposure,dml_rf,ml_residualized,log_trip_count_day,unlock_fee_z_x_local_only_x_competition_z,-0.18634427935001763,0.9555490121598549,0.8453829344636137,-2.0591859286461593,1.686497369946124,13768,92,30,0.05670123576243524,False,Unlock fee_x_Local MaaS only_x_Competition
dml_competition_no_weak_exposure,dml_rf,ml_residualized,log_trip_count_day,unlock_fee_z_x_multi_platform_x_competition_z,0.2779901751159507,1.0725727830472458,0.7954958141264733,-1.8242138504545444,2.3801942006864456,13768,92,30,0.05670123576243524,False,Unlock fee_x_Multi-platform_x_Competition
dml_competition_no_weak_exposure,dml_rf,ml_residualized,log_trip_count_day,price_per_minute_z_x_large_only_x_competition_z,1.3248218452027831,1.1859277860567674,0.2639436701723711,-0.9995539037338033,3.6491975941393697,13768,92,30,0.05670123576243524,False,Price/min_x_FreeNow only_x_Competition
dml_competition_no_weak_exposure,dml_rf,ml_residualized,log_trip_count_day,price_per_minute_z_x_local_only_x_competition_z,1.3389275428415452,0.7895474786589207,0.0899206604665329,-0.2085570794143463,2.886412165097437,13768,92,30,0.05670123576243524,False,Price/min_x_Local MaaS only_x_Competition
dml_competition_no_weak_exposure,dml_rf,ml_residualized,log_trip_count_day,price_per_minute_z_x_multi_platform_x_competition_z,1.5341159805498255,0.6691012201696059,0.021859461517105,0.22270168700559267,2.8455302740940582,13768,92,30,0.05670123576243524,True,Price/min_x_Multi-platform_x_Competition
