model,estimator,fe_strategy,outcome,term,coef,std_err,p_value,ci_low,ci_high,nobs,city_operators,cities,r2,adj_r2,sample,competition_measure,idea,significant_05,label,estimate,effect_direction
isolated_competition_city_competition_z_market_fe_all,ols_cluster,market_fe,ur_boxcox,unlock_fee_z:platform_any,-0.09438597345952099,0.020903359489037175,6.321243130335766e-06,-0.13535580521392743,-0.053416141705114537,14514,97,30,0.77745372053402,0.774344012164482,all,city_competition_z,isolated_competition_pricing,True,Unlock fee:Any platform,-0.094***,negative
isolated_competition_city_competition_z_market_fe_all,ols_cluster,market_fe,ur_boxcox,unlock_fee_z:platform_any:city_competition_z,-0.01700635177604799,0.02021249068494335,0.4001360181224577,-0.05662210555638829,0.022609402004292307,14514,97,30,0.77745372053402,0.774344012164482,all,city_competition_z,isolated_competition_pricing,False,Unlock fee:Any platform:city_Competition,-0.017,negative
isolated_competition_city_competition_z_unit_fe_all,ols_cluster,unit_fe,ur_boxcox,unlock_fee_z:platform_any,0.00489561728209042,0.007324969175285665,0.503912457447792,-0.009461058489335546,0.019252293053516386,14514,97,30,0.9003191606116803,0.8985292823144642,all,city_competition_z,isolated_competition_pricing,False,Unlock fee:Any platform,0.005,positive
isolated_competition_city_competition_z_unit_fe_all,ols_cluster,unit_fe,ur_boxcox,unlock_fee_z:platform_any:city_competition_z,0.022897638290787337,0.013094755507852647,0.08035822060214014,-0.002767610890961357,0.04856288747253603,14514,97,30,0.9003191606116803,0.8985292823144642,all,city_competition_z,isolated_competition_pricing,False,Unlock fee:Any platform:city_Competition,0.023+,positive
isolated_competition_active_city_operators_z_market_fe_all,ols_cluster,market_fe,ur_boxcox,unlock_fee_z:platform_any,-0.08091140257070156,0.019382784516556395,2.9877872114268733e-05,-0.1189009621432527,-0.042921842998150425,14514,97,30,0.7731359404124278,0.769949825545386,all,active_city_operators_z,isolated_competition_pricing,True,Unlock fee:Any platform,-0.081***,negative
isolated_competition_active_city_operators_z_market_fe_all,ols_cluster,market_fe,ur_boxcox,unlock_fee_z:platform_any:active_city_operators_z,-0.008487868984883927,0.013784352216138624,0.538052152031936,-0.035504702878730504,0.018528964908962654,14514,97,30,0.7731359404124278,0.769949825545386,all,active_city_operators_z,isolated_competition_pricing,False,Unlock fee:Any platform:active_city_operators_z,-0.008,negative
isolated_competition_active_city_operators_z_unit_fe_all,ols_cluster,unit_fe,ur_boxcox,unlock_fee_z:platform_any,-0.0040532205006577155,0.009440318417374433,0.6676670097129179,-0.022555904601301767,0.014449463599986334,14514,97,30,0.9009933904421239,0.899201478462753,all,active_city_operators_z,isolated_competition_pricing,False,Unlock fee:Any platform,-0.004,negative
isolated_competition_active_city_operators_z_unit_fe_all,ols_cluster,unit_fe,ur_boxcox,unlock_fee_z:platform_any:active_city_operators_z,0.0016228394641749375,0.009149081858793847,0.8592120342817438,-0.016309031470669772,0.01955471039901965,14514,97,30,0.9009933904421239,0.899201478462753,all,active_city_operators_z,isolated_competition_pricing,False,Unlock fee:Any platform:active_city_operators_z,0.002,positive
isolated_competition_active_operators_z_market_fe_all,ols_cluster,market_fe,ur_boxcox,unlock_fee_z:platform_any,-0.08091140257070156,0.019382784516556395,2.9877872114268733e-05,-0.1189009621432527,-0.042921842998150425,14514,97,30,0.7731359404124278,0.769949825545386,all,active_operators_z,isolated_competition_pricing,True,Unlock fee:Any platform,-0.081***,negative
isolated_competition_active_operators_z_market_fe_all,ols_cluster,market_fe,ur_boxcox,unlock_fee_z:platform_any:active_operators_z,-0.008487868984883927,0.013784352216138624,0.538052152031936,-0.035504702878730504,0.018528964908962654,14514,97,30,0.7731359404124278,0.769949825545386,all,active_operators_z,isolated_competition_pricing,False,Unlock fee:Any platform:active_operators_z,-0.008,negative
isolated_competition_active_operators_z_unit_fe_all,ols_cluster,unit_fe,ur_boxcox,unlock_fee_z:platform_any,-0.0040532205006577155,0.009440318417374433,0.6676670097129179,-0.022555904601301767,0.014449463599986334,14514,97,30,0.9009933904421239,0.899201478462753,all,active_operators_z,isolated_competition_pricing,False,Unlock fee:Any platform,-0.004,negative
isolated_competition_active_operators_z_unit_fe_all,ols_cluster,unit_fe,ur_boxcox,unlock_fee_z:platform_any:active_operators_z,0.0016228394641749375,0.009149081858793847,0.8592120342817438,-0.016309031470669772,0.01955471039901965,14514,97,30,0.9009933904421239,0.899201478462753,all,active_operators_z,isolated_competition_pricing,False,Unlock fee:Any platform:active_operators_z,0.002,positive
isolated_competition_market_fragmentation_z_market_fe_all,ols_cluster,market_fe,ur_boxcox,unlock_fee_z:platform_any,-0.08065964644105855,0.018592721332015213,1.4362970401225085e-05,-0.11710071062639796,-0.044218582255719154,14514,97,30,0.77627390786818,0.7731318631142325,all,market_fragmentation_z,isolated_competition_pricing,True,Unlock fee:Any platform,-0.081***,negative
isolated_competition_market_fragmentation_z_market_fe_all,ols_cluster,market_fe,ur_boxcox,unlock_fee_z:platform_any:market_fragmentation_z,0.041836241243255974,0.018280060531576253,0.022101030102915316,0.006007980966154403,0.07766450152035755,14514,97,30,0.77627390786818,0.7731318631142325,all,market_fragmentation_z,isolated_competition_pricing,True,Unlock fee:Any platform:market_fragmentation_z,0.042*,positive
isolated_competition_market_fragmentation_z_unit_fe_all,ols_cluster,unit_fe,ur_boxcox,unlock_fee_z:platform_any,-0.0024813096677082837,0.010867408394488319,0.8193929721565377,-0.023781038726193644,0.018818419390777073,14514,97,30,0.9004433524010185,0.8986414853311807,all,market_fragmentation_z,isolated_competition_pricing,False,Unlock fee:Any platform,-0.002,negative
isolated_competition_market_fragmentation_z_unit_fe_all,ols_cluster,unit_fe,ur_boxcox,unlock_fee_z:platform_any:market_fragmentation_z,0.009612323046979133,0.01582430741811477,0.5435587086255168,-0.021402749572815828,0.0406273956667741,14514,97,30,0.9004433524010185,0.8986414853311807,all,market_fragmentation_z,isolated_competition_pricing,False,Unlock fee:Any platform:market_fragmentation_z,0.010,positive
isolated_competition_leave_one_out_competitor_trips_z_market_fe_all,ols_cluster,market_fe,ur_boxcox,unlock_fee_z:platform_any,-0.07600747584301568,0.01885024089343434,5.5262937958317136e-05,-0.11295326909405112,-0.039061682591980236,14514,97,30,0.7763642870981164,0.7732235116444217,all,leave_one_out_competitor_trips_z,isolated_competition_pricing,True,Unlock fee:Any platform,-0.076***,negative
isolated_competition_leave_one_out_competitor_trips_z_market_fe_all,ols_cluster,market_fe,ur_boxcox,unlock_fee_z:platform_any:leave_one_out_competitor_trips_z,0.0017868345311356489,0.018304057799002522,0.9222343719874655,-0.03408845952584878,0.03766212858812008,14514,97,30,0.7763642870981164,0.7732235116444217,all,leave_one_out_competitor_trips_z,isolated_competition_pricing,False,Unlock fee:Any platform:leave_one_out_competitor_trips_z,0.002,positive
isolated_competition_leave_one_out_competitor_trips_z_unit_fe_all,ols_cluster,unit_fe,ur_boxcox,unlock_fee_z:platform_any,0.003483563700933031,0.009288332281997314,0.7076253089257843,-0.014721233048222438,0.0216883604500885,14514,97,30,0.902824397834797,0.9010656250983099,all,leave_one_out_competitor_trips_z,isolated_competition_pricing,False,Unlock fee:Any platform,0.003,positive
isolated_competition_leave_one_out_competitor_trips_z_unit_fe_all,ols_cluster,unit_fe,ur_boxcox,unlock_fee_z:platform_any:leave_one_out_competitor_trips_z,0.006870641851051854,0.010398575872422221,0.5087860476343191,-0.013510192349402872,0.02725147605150658,14514,97,30,0.902824397834797,0.9010656250983099,all,leave_one_out_competitor_trips_z,isolated_competition_pricing,False,Unlock fee:Any platform:leave_one_out_competitor_trips_z,0.007,positive
isolated_competition_city_competition_z_market_fe_no_weak_exposure,ols_cluster,market_fe,ur_boxcox,unlock_fee_z:platform_any,-0.07144292823632781,0.019379942133421743,0.0002274160527406061,-0.10942691684030476,-0.03345893963235085,13768,92,30,0.8141394852796591,0.8113995941508857,no_weak_exposure,city_competition_z,isolated_competition_pricing,True,Unlock fee:Any platform,-0.071***,negative
isolated_competition_city_competition_z_market_fe_no_weak_exposure,ols_cluster,market_fe,ur_boxcox,unlock_fee_z:platform_any:city_competition_z,-0.026988481016199932,0.019414469066464404,0.16449182676596052,-0.06504014116543713,0.011063179133037261,13768,92,30,0.8141394852796591,0.8113995941508857,no_weak_exposure,city_competition_z,isolated_competition_pricing,False,Unlock fee:Any platform:city_Competition,-0.027,negative
isolated_competition_city_competition_z_unit_fe_no_weak_exposure,ols_cluster,unit_fe,ur_boxcox,unlock_fee_z:platform_any,0.004977034085431653,0.007327370024498717,0.49698656123271656,-0.009384347263984206,0.01933841543484751,13768,92,30,0.9026108775639455,0.9008023047812103,no_weak_exposure,city_competition_z,isolated_competition_pricing,False,Unlock fee:Any platform,0.005,positive
isolated_competition_city_competition_z_unit_fe_no_weak_exposure,ols_cluster,unit_fe,ur_boxcox,unlock_fee_z:platform_any:city_competition_z,0.0226289322002573,0.013145741925689382,0.08518030517509176,-0.0031362485241521014,0.04839411292466671,13768,92,30,0.9026108775639455,0.9008023047812103,no_weak_exposure,city_competition_z,isolated_competition_pricing,False,Unlock fee:Any platform:city_Competition,0.023+,positive
isolated_competition_active_city_operators_z_market_fe_no_weak_exposure,ols_cluster,market_fe,ur_boxcox,unlock_fee_z:platform_any,-0.052920255436365055,0.01753085171430885,0.002538678301445384,-0.08728009341472268,-0.01856041745800744,13768,92,30,0.8143639758822625,0.8116135084749453,no_weak_exposure,active_city_operators_z,isolated_competition_pricing,True,Unlock fee:Any platform,-0.053**,negative
isolated_competition_active_city_operators_z_market_fe_no_weak_exposure,ols_cluster,market_fe,ur_boxcox,unlock_fee_z:platform_any:active_city_operators_z,-0.03426022688739766,0.011213845740419722,0.002249315274775634,-0.05623896066680821,-0.01228149310798711,13768,92,30,0.8143639758822625,0.8116135084749453,no_weak_exposure,active_city_operators_z,isolated_competition_pricing,True,Unlock fee:Any platform:active_city_operators_z,-0.034**,negative
isolated_competition_active_city_operators_z_unit_fe_no_weak_exposure,ols_cluster,unit_fe,ur_boxcox,unlock_fee_z:platform_any,-0.0038679699908522325,0.009451569353813515,0.6823627856424647,-0.022392705521709234,0.014656765540004769,13768,92,30,0.9032858837050798,0.9014752672020004,no_weak_exposure,active_city_operators_z,isolated_competition_pricing,False,Unlock fee:Any platform,-0.004,negative
isolated_competition_active_city_operators_z_unit_fe_no_weak_exposure,ols_cluster,unit_fe,ur_boxcox,unlock_fee_z:platform_any:active_city_operators_z,0.0014243692186511892,0.009212844621742308,0.8771312409940552,-0.016632474435127272,0.01948121287242965,13768,92,30,0.9032858837050798,0.9014752672020004,no_weak_exposure,active_city_operators_z,isolated_competition_pricing,False,Unlock fee:Any platform:active_city_operators_z,0.001,positive
isolated_competition_active_operators_z_market_fe_no_weak_exposure,ols_cluster,market_fe,ur_boxcox,unlock_fee_z:platform_any,-0.052920255436365055,0.01753085171430885,0.002538678301445384,-0.08728009341472268,-0.01856041745800744,13768,92,30,0.8143639758822625,0.8116135084749453,no_weak_exposure,active_operators_z,isolated_competition_pricing,True,Unlock fee:Any platform,-0.053**,negative
isolated_competition_active_operators_z_market_fe_no_weak_exposure,ols_cluster,market_fe,ur_boxcox,unlock_fee_z:platform_any:active_operators_z,-0.03426022688739766,0.011213845740419722,0.002249315274775634,-0.05623896066680821,-0.01228149310798711,13768,92,30,0.8143639758822625,0.8116135084749453,no_weak_exposure,active_operators_z,isolated_competition_pricing,True,Unlock fee:Any platform:active_operators_z,-0.034**,negative
isolated_competition_active_operators_z_unit_fe_no_weak_exposure,ols_cluster,unit_fe,ur_boxcox,unlock_fee_z:platform_any,-0.0038679699908522325,0.009451569353813515,0.6823627856424647,-0.022392705521709234,0.014656765540004769,13768,92,30,0.9032858837050798,0.9014752672020004,no_weak_exposure,active_operators_z,isolated_competition_pricing,False,Unlock fee:Any platform,-0.004,negative
isolated_competition_active_operators_z_unit_fe_no_weak_exposure,ols_cluster,unit_fe,ur_boxcox,unlock_fee_z:platform_any:active_operators_z,0.0014243692186511892,0.009212844621742308,0.8771312409940552,-0.016632474435127272,0.01948121287242965,13768,92,30,0.9032858837050798,0.9014752672020004,no_weak_exposure,active_operators_z,isolated_competition_pricing,False,Unlock fee:Any platform:active_operators_z,0.001,positive
isolated_competition_market_fragmentation_z_market_fe_no_weak_exposure,ols_cluster,market_fe,ur_boxcox,unlock_fee_z:platform_any,-0.0502892001291604,0.01777636313627025,0.0046694775668307525,-0.08513023165235556,-0.015448168605965228,13768,92,30,0.8102421656416859,0.8074306276270891,no_weak_exposure,market_fragmentation_z,isolated_competition_pricing,True,Unlock fee:Any platform,-0.050**,negative
isolated_competition_market_fragmentation_z_market_fe_no_weak_exposure,ols_cluster,market_fe,ur_boxcox,unlock_fee_z:platform_any:market_fragmentation_z,-0.027759652949862473,0.01589996111641038,0.08082930450396818,-0.05892300409361408,0.0034036981938891375,13768,92,30,0.8102421656416859,0.8074306276270891,no_weak_exposure,market_fragmentation_z,isolated_competition_pricing,False,Unlock fee:Any platform:market_fragmentation_z,-0.028+,negative
isolated_competition_market_fragmentation_z_unit_fe_no_weak_exposure,ols_cluster,unit_fe,ur_boxcox,unlock_fee_z:platform_any,-0.0010511984629552884,0.01084237529846105,0.9227638911799824,-0.02230186355480567,0.02019946662889509,13768,92,30,0.902779638096406,0.9009595440042343,no_weak_exposure,market_fragmentation_z,isolated_competition_pricing,False,Unlock fee:Any platform,-0.001,negative
isolated_competition_market_fragmentation_z_unit_fe_no_weak_exposure,ols_cluster,unit_fe,ur_boxcox,unlock_fee_z:platform_any:market_fragmentation_z,0.005057572307718788,0.015246254059912897,0.7400964914256923,-0.024824536548858068,0.03493968116429565,13768,92,30,0.902779638096406,0.9009595440042343,no_weak_exposure,market_fragmentation_z,isolated_competition_pricing,False,Unlock fee:Any platform:market_fragmentation_z,0.005,positive
isolated_competition_leave_one_out_competitor_trips_z_market_fe_no_weak_exposure,ols_cluster,market_fe,ur_boxcox,unlock_fee_z:platform_any,-0.05808985750657038,0.017770751419141008,0.001079868902981649,-0.0929198902663008,-0.02325982474683995,13768,92,30,0.8121824129138359,0.8093996224815552,no_weak_exposure,leave_one_out_competitor_trips_z,isolated_competition_pricing,True,Unlock fee:Any platform,-0.058**,negative
isolated_competition_leave_one_out_competitor_trips_z_market_fe_no_weak_exposure,ols_cluster,market_fe,ur_boxcox,unlock_fee_z:platform_any:leave_one_out_competitor_trips_z,-0.012507432077856293,0.01817059650216147,0.4912427283110383,-0.04812114679970225,0.02310628264398967,13768,92,30,0.8121824129138359,0.8093996224815552,no_weak_exposure,leave_one_out_competitor_trips_z,isolated_competition_pricing,False,Unlock fee:Any platform:leave_one_out_competitor_trips_z,-0.013,negative
isolated_competition_leave_one_out_competitor_trips_z_unit_fe_no_weak_exposure,ols_cluster,unit_fe,ur_boxcox,unlock_fee_z:platform_any,0.003297053999210625,0.009241949548898188,0.7212799023756467,-0.014816834263566024,0.021410942261987274,13768,92,30,0.90505222677333,0.9032746785547161,no_weak_exposure,leave_one_out_competitor_trips_z,isolated_competition_pricing,False,Unlock fee:Any platform,0.003,positive
isolated_competition_leave_one_out_competitor_trips_z_unit_fe_no_weak_exposure,ols_cluster,unit_fe,ur_boxcox,unlock_fee_z:platform_any:leave_one_out_competitor_trips_z,0.006592437368394891,0.01023739438035951,0.5196035970407678,-0.013472486912642492,0.026657361649432273,13768,92,30,0.90505222677333,0.9032746785547161,no_weak_exposure,leave_one_out_competitor_trips_z,isolated_competition_pricing,False,Unlock fee:Any platform:leave_one_out_competitor_trips_z,0.007,positive
isolated_competition_city_competition_z_market_fe_scooter_only,ols_cluster,market_fe,ur_boxcox,unlock_fee_z:platform_any,-0.05976706806903076,0.019013165859565886,0.001669649819274777,-0.09703218838586644,-0.022501947752195085,11149,75,30,0.8371234201995497,0.8341782546469936,scooter_only,city_competition_z,isolated_competition_pricing,True,Unlock fee:Any platform,-0.060**,negative
isolated_competition_city_competition_z_market_fe_scooter_only,ols_cluster,market_fe,ur_boxcox,unlock_fee_z:platform_any:city_competition_z,-0.02912392572022576,0.012751107234258782,0.022369702158885653,-0.05411563666238111,-0.004132214778070409,11149,75,30,0.8371234201995497,0.8341782546469936,scooter_only,city_competition_z,isolated_competition_pricing,True,Unlock fee:Any platform:city_Competition,-0.029*,negative
isolated_competition_city_competition_z_unit_fe_scooter_only,ols_cluster,unit_fe,ur_boxcox,unlock_fee_z:platform_any,0.01115965479112787,0.017966288825448744,0.5345047975709172,-0.0240536242425961,0.04637293382485184,11149,75,30,0.8833915930073496,0.8808914677337304,scooter_only,city_competition_z,isolated_competition_pricing,False,Unlock fee:Any platform,0.011,positive
isolated_competition_city_competition_z_unit_fe_scooter_only,ols_cluster,unit_fe,ur_boxcox,unlock_fee_z:platform_any:city_competition_z,0.030736530205348462,0.04185961401204356,0.4627802470181628,-0.051306805665005104,0.11277986607570202,11149,75,30,0.8833915930073496,0.8808914677337304,scooter_only,city_competition_z,isolated_competition_pricing,False,Unlock fee:Any platform:city_Competition,0.031,positive
isolated_competition_active_city_operators_z_market_fe_scooter_only,ols_cluster,market_fe,ur_boxcox,unlock_fee_z:platform_any,-0.03563212730099838,0.012902309354575888,0.005750374962511613,-0.06092018895336135,-0.010344065648635409,11149,75,30,0.8455149855252186,0.8427071932263346,scooter_only,active_city_operators_z,isolated_competition_pricing,True,Unlock fee:Any platform,-0.036**,negative
isolated_competition_active_city_operators_z_market_fe_scooter_only,ols_cluster,market_fe,ur_boxcox,unlock_fee_z:platform_any:active_city_operators_z,-0.04707690860394457,0.011613193876688433,5.040449282323935e-05,-0.06983835034773499,-0.02431546686015415,11149,75,30,0.8455149855252186,0.8427071932263346,scooter_only,active_city_operators_z,isolated_competition_pricing,True,Unlock fee:Any platform:active_city_operators_z,-0.047***,negative
isolated_competition_active_city_operators_z_unit_fe_scooter_only,ols_cluster,unit_fe,ur_boxcox,unlock_fee_z:platform_any,-0.005437433676396456,0.009447627126911787,0.5649299850080823,-0.023954442584507185,0.01307957523171427,11149,75,30,0.8851373978183683,0.8826531993107744,scooter_only,active_city_operators_z,isolated_competition_pricing,False,Unlock fee:Any platform,-0.005,negative
isolated_competition_active_city_operators_z_unit_fe_scooter_only,ols_cluster,unit_fe,ur_boxcox,unlock_fee_z:platform_any:active_city_operators_z,-0.006923698057711518,0.01585162627881324,0.6622697732051382,-0.03799231466057414,0.02414491854515111,11149,75,30,0.8851373978183683,0.8826531993107744,scooter_only,active_city_operators_z,isolated_competition_pricing,False,Unlock fee:Any platform:active_city_operators_z,-0.007,negative
isolated_competition_active_operators_z_market_fe_scooter_only,ols_cluster,market_fe,ur_boxcox,unlock_fee_z:platform_any,-0.03563212730099838,0.012902309354575888,0.005750374962511613,-0.06092018895336135,-0.010344065648635409,11149,75,30,0.8455149855252186,0.8427071932263346,scooter_only,active_operators_z,isolated_competition_pricing,True,Unlock fee:Any platform,-0.036**,negative
isolated_competition_active_operators_z_market_fe_scooter_only,ols_cluster,market_fe,ur_boxcox,unlock_fee_z:platform_any:active_operators_z,-0.04707690860394457,0.011613193876688433,5.040449282323935e-05,-0.06983835034773499,-0.02431546686015415,11149,75,30,0.8455149855252186,0.8427071932263346,scooter_only,active_operators_z,isolated_competition_pricing,True,Unlock fee:Any platform:active_operators_z,-0.047***,negative
isolated_competition_active_operators_z_unit_fe_scooter_only,ols_cluster,unit_fe,ur_boxcox,unlock_fee_z:platform_any,-0.005437433676396456,0.009447627126911787,0.5649299850080823,-0.023954442584507185,0.01307957523171427,11149,75,30,0.8851373978183683,0.8826531993107744,scooter_only,active_operators_z,isolated_competition_pricing,False,Unlock fee:Any platform,-0.005,negative
isolated_competition_active_operators_z_unit_fe_scooter_only,ols_cluster,unit_fe,ur_boxcox,unlock_fee_z:platform_any:active_operators_z,-0.006923698057711518,0.01585162627881324,0.6622697732051382,-0.03799231466057414,0.02414491854515111,11149,75,30,0.8851373978183683,0.8826531993107744,scooter_only,active_operators_z,isolated_competition_pricing,False,Unlock fee:Any platform:active_operators_z,-0.007,negative
isolated_competition_market_fragmentation_z_market_fe_scooter_only,ols_cluster,market_fe,ur_boxcox,unlock_fee_z:platform_any,-0.008044709373140078,0.0143225844970522,0.5743340578872111,-0.03611645915289412,0.02002704040661396,11149,75,30,0.8486678583278887,0.8459173700465159,scooter_only,market_fragmentation_z,isolated_competition_pricing,False,Unlock fee:Any platform,-0.008,negative
isolated_competition_market_fragmentation_z_market_fe_scooter_only,ols_cluster,market_fe,ur_boxcox,unlock_fee_z:platform_any:market_fragmentation_z,-0.08219480860548171,0.016322627583045625,4.7626521548672077e-07,-0.11418657080131121,-0.050203046409652216,11149,75,30,0.8486678583278887,0.8459173700465159,scooter_only,market_fragmentation_z,isolated_competition_pricing,True,Unlock fee:Any platform:market_fragmentation_z,-0.082***,negative
isolated_competition_market_fragmentation_z_unit_fe_scooter_only,ols_cluster,unit_fe,ur_boxcox,unlock_fee_z:platform_any,0.003955110136890278,0.013806735968666337,0.7745240201947504,-0.023105595105749478,0.031015815379530035,11149,75,30,0.8845544032172599,0.8820575959554631,scooter_only,market_fragmentation_z,isolated_competition_pricing,False,Unlock fee:Any platform,0.004,positive
isolated_competition_market_fragmentation_z_unit_fe_scooter_only,ols_cluster,unit_fe,ur_boxcox,unlock_fee_z:platform_any:market_fragmentation_z,-0.02475239887423294,0.022737230894401113,0.2763177180868862,-0.06931655253543056,0.01981175478696468,11149,75,30,0.8845544032172599,0.8820575959554631,scooter_only,market_fragmentation_z,isolated_competition_pricing,False,Unlock fee:Any platform:market_fragmentation_z,-0.025,negative
isolated_competition_leave_one_out_competitor_trips_z_market_fe_scooter_only,ols_cluster,market_fe,ur_boxcox,unlock_fee_z:platform_any,-0.04427631349592673,0.017840866211238347,0.01307442333372789,-0.07924376872295145,-0.009308858268902001,11149,75,30,0.8356188314137609,0.8326311747740074,scooter_only,leave_one_out_competitor_trips_z,isolated_competition_pricing,True,Unlock fee:Any platform,-0.044*,negative
isolated_competition_leave_one_out_competitor_trips_z_market_fe_scooter_only,ols_cluster,market_fe,ur_boxcox,unlock_fee_z:platform_any:leave_one_out_competitor_trips_z,-0.007786164566180864,0.012327771223089555,0.5276512417676953,-0.031948152173085685,0.016375823040723957,11149,75,30,0.8356188314137609,0.8326311747740074,scooter_only,leave_one_out_competitor_trips_z,isolated_competition_pricing,False,Unlock fee:Any platform:leave_one_out_competitor_trips_z,-0.008,negative
isolated_competition_leave_one_out_competitor_trips_z_unit_fe_scooter_only,ols_cluster,unit_fe,ur_boxcox,unlock_fee_z:platform_any,-0.0029144244077745156,0.011662521275135096,0.8026673130524798,-0.025772546075971448,0.01994369726042242,11149,75,30,0.8848028555742431,0.8823114217321905,scooter_only,leave_one_out_competitor_trips_z,isolated_competition_pricing,False,Unlock fee:Any platform,-0.003,negative
isolated_competition_leave_one_out_competitor_trips_z_unit_fe_scooter_only,ols_cluster,unit_fe,ur_boxcox,unlock_fee_z:platform_any:leave_one_out_competitor_trips_z,0.0040171251559382,0.01084752910305093,0.7111393910989142,-0.0172436412072917,0.0252778915191681,11149,75,30,0.8848028555742431,0.8823114217321905,scooter_only,leave_one_out_competitor_trips_z,isolated_competition_pricing,False,Unlock fee:Any platform:leave_one_out_competitor_trips_z,0.004,positive
isolated_competition_city_competition_z_market_fe_bookable_or_none,ols_cluster,market_fe,ur_boxcox,unlock_fee_z:platform_any,-0.07289365463729845,0.018989057652800657,0.00012367792057963755,-0.11011152373714243,-0.03567578553745447,14209,95,30,0.8145582744849802,0.8119106199230867,bookable_or_none,city_competition_z,isolated_competition_pricing,True,Unlock fee:Any platform,-0.073***,negative
isolated_competition_city_competition_z_market_fe_bookable_or_none,ols_cluster,market_fe,ur_boxcox,unlock_fee_z:platform_any:city_competition_z,-0.02794374413404774,0.01863201149621886,0.1336738205100251,-0.06446181562617295,0.008574327358077474,14209,95,30,0.8145582744849802,0.8119106199230867,bookable_or_none,city_competition_z,isolated_competition_pricing,False,Unlock fee:Any platform:city_Competition,-0.028,negative
isolated_competition_city_competition_z_unit_fe_bookable_or_none,ols_cluster,unit_fe,ur_boxcox,unlock_fee_z:platform_any,0.0049108955416170275,0.007328428755736005,0.5027840045654054,-0.009452560882893223,0.019274351966127277,14209,95,30,0.9020638182381634,0.9002811186418106,bookable_or_none,city_competition_z,isolated_competition_pricing,False,Unlock fee:Any platform,0.005,positive
isolated_competition_city_competition_z_unit_fe_bookable_or_none,ols_cluster,unit_fe,ur_boxcox,unlock_fee_z:platform_any:city_competition_z,0.022582987723984618,0.013119850377539339,0.08519931266495355,-0.0031314464985467173,0.048297421946515956,14209,95,30,0.9020638182381634,0.9002811186418106,bookable_or_none,city_competition_z,isolated_competition_pricing,False,Unlock fee:Any platform:city_Competition,0.023+,positive
isolated_competition_active_city_operators_z_market_fe_bookable_or_none,ols_cluster,market_fe,ur_boxcox,unlock_fee_z:platform_any,-0.053456422819545026,0.017399438946058547,0.002124109485201004,-0.08755869650502333,-0.019354149134066717,14209,95,30,0.8149450922237256,0.8122895602423569,bookable_or_none,active_city_operators_z,isolated_competition_pricing,True,Unlock fee:Any platform,-0.053**,negative
isolated_competition_active_city_operators_z_market_fe_bookable_or_none,ols_cluster,market_fe,ur_boxcox,unlock_fee_z:platform_any:active_city_operators_z,-0.03378940387228111,0.011134121582209621,0.002407259414097583,-0.05561188117290209,-0.011966926571660132,14209,95,30,0.8149450922237256,0.8122895602423569,bookable_or_none,active_city_operators_z,isolated_competition_pricing,True,Unlock fee:Any platform:active_city_operators_z,-0.034**,negative
isolated_competition_active_city_operators_z_unit_fe_bookable_or_none,ols_cluster,unit_fe,ur_boxcox,unlock_fee_z:platform_any,-0.003934937953139644,0.009457852245296107,0.6773735302085299,-0.0224719877250213,0.014602111818742013,14209,95,30,0.902760236653527,0.9009760208123073,bookable_or_none,active_city_operators_z,isolated_competition_pricing,False,Unlock fee:Any platform,-0.004,negative
isolated_competition_active_city_operators_z_unit_fe_bookable_or_none,ols_cluster,unit_fe,ur_boxcox,unlock_fee_z:platform_any:active_city_operators_z,0.0013913018974424413,0.009188993608095995,0.8796526126986993,-0.016618794628594474,0.019401398423479356,14209,95,30,0.902760236653527,0.9009760208123073,bookable_or_none,active_city_operators_z,isolated_competition_pricing,False,Unlock fee:Any platform:active_city_operators_z,0.001,positive
isolated_competition_active_operators_z_market_fe_bookable_or_none,ols_cluster,market_fe,ur_boxcox,unlock_fee_z:platform_any,-0.053456422819545026,0.017399438946058547,0.002124109485201004,-0.08755869650502333,-0.019354149134066717,14209,95,30,0.8149450922237256,0.8122895602423569,bookable_or_none,active_operators_z,isolated_competition_pricing,True,Unlock fee:Any platform,-0.053**,negative
isolated_competition_active_operators_z_market_fe_bookable_or_none,ols_cluster,market_fe,ur_boxcox,unlock_fee_z:platform_any:active_operators_z,-0.03378940387228111,0.011134121582209621,0.002407259414097583,-0.05561188117290209,-0.011966926571660132,14209,95,30,0.8149450922237256,0.8122895602423569,bookable_or_none,active_operators_z,isolated_competition_pricing,True,Unlock fee:Any platform:active_operators_z,-0.034**,negative
isolated_competition_active_operators_z_unit_fe_bookable_or_none,ols_cluster,unit_fe,ur_boxcox,unlock_fee_z:platform_any,-0.003934937953139644,0.009457852245296107,0.6773735302085299,-0.0224719877250213,0.014602111818742013,14209,95,30,0.902760236653527,0.9009760208123073,bookable_or_none,active_operators_z,isolated_competition_pricing,False,Unlock fee:Any platform,-0.004,negative
isolated_competition_active_operators_z_unit_fe_bookable_or_none,ols_cluster,unit_fe,ur_boxcox,unlock_fee_z:platform_any:active_operators_z,0.0013913018974424413,0.009188993608095995,0.8796526126986993,-0.016618794628594474,0.019401398423479356,14209,95,30,0.902760236653527,0.9009760208123073,bookable_or_none,active_operators_z,isolated_competition_pricing,False,Unlock fee:Any platform:active_operators_z,0.001,positive
isolated_competition_market_fragmentation_z_market_fe_bookable_or_none,ols_cluster,market_fe,ur_boxcox,unlock_fee_z:platform_any,-0.05033743896404376,0.01769169322392677,0.004437540689144698,-0.08501252050847155,-0.01566235741961597,14209,95,30,0.8108143751287358,0.8080995674897606,bookable_or_none,market_fragmentation_z,isolated_competition_pricing,True,Unlock fee:Any platform,-0.050**,negative
isolated_competition_market_fragmentation_z_market_fe_bookable_or_none,ols_cluster,market_fe,ur_boxcox,unlock_fee_z:platform_any:market_fragmentation_z,-0.02753855085769342,0.015460670013100057,0.07487972631423111,-0.05784090726022793,0.0027638055448410935,14209,95,30,0.8108143751287358,0.8080995674897606,bookable_or_none,market_fragmentation_z,isolated_competition_pricing,False,Unlock fee:Any platform:market_fragmentation_z,-0.028+,negative
isolated_competition_market_fragmentation_z_unit_fe_bookable_or_none,ols_cluster,unit_fe,ur_boxcox,unlock_fee_z:platform_any,-0.000837074162527671,0.010823113008128896,0.938351997498809,-0.022049985859067273,0.02037583753401193,14209,95,30,0.9022191276629097,0.9004249832163576,bookable_or_none,market_fragmentation_z,isolated_competition_pricing,False,Unlock fee:Any platform,-0.001,negative
isolated_competition_market_fragmentation_z_unit_fe_bookable_or_none,ols_cluster,unit_fe,ur_boxcox,unlock_fee_z:platform_any:market_fragmentation_z,0.004349987624151886,0.01521948916302932,0.7750183427884223,-0.025479662998483234,0.034179638246787006,14209,95,30,0.9022191276629097,0.9004249832163576,bookable_or_none,market_fragmentation_z,isolated_competition_pricing,False,Unlock fee:Any platform:market_fragmentation_z,0.004,positive
isolated_competition_leave_one_out_competitor_trips_z_market_fe_bookable_or_none,ols_cluster,market_fe,ur_boxcox,unlock_fee_z:platform_any,-0.05670173970076453,0.01742306971137744,0.0011362982451022235,-0.09085032883519498,-0.022553150566334078,14209,95,30,0.8128242650354229,0.8101382992520375,bookable_or_none,leave_one_out_competitor_trips_z,isolated_competition_pricing,True,Unlock fee:Any platform,-0.057**,negative
isolated_competition_leave_one_out_competitor_trips_z_market_fe_bookable_or_none,ols_cluster,market_fe,ur_boxcox,unlock_fee_z:platform_any:leave_one_out_competitor_trips_z,-0.01072569418340673,0.016836035024707548,0.5240807439018484,-0.04372371647428844,0.02227232810747498,14209,95,30,0.8128242650354229,0.8101382992520375,bookable_or_none,leave_one_out_competitor_trips_z,isolated_competition_pricing,False,Unlock fee:Any platform:leave_one_out_competitor_trips_z,-0.011,negative
isolated_competition_leave_one_out_competitor_trips_z_unit_fe_bookable_or_none,ols_cluster,unit_fe,ur_boxcox,unlock_fee_z:platform_any,0.0034681562893016395,0.009281961616741644,0.7086686308109134,-0.014724154185395156,0.021660466763998434,14209,95,30,0.9045970759091493,0.9028465635405098,bookable_or_none,leave_one_out_competitor_trips_z,isolated_competition_pricing,False,Unlock fee:Any platform,0.003,positive
isolated_competition_leave_one_out_competitor_trips_z_unit_fe_bookable_or_none,ols_cluster,unit_fe,ur_boxcox,unlock_fee_z:platform_any:leave_one_out_competitor_trips_z,0.006591084215231275,0.010316998966208846,0.5229161395689756,-0.013629862187075036,0.026812030617537584,14209,95,30,0.9045970759091493,0.9028465635405098,bookable_or_none,leave_one_out_competitor_trips_z,isolated_competition_pricing,False,Unlock fee:Any platform:leave_one_out_competitor_trips_z,0.007,positive
isolated_competition_dml_city_competition_z_all,dml_hgb,ml_residualized,ur_boxcox,unlock_fee_z_x_platform_any_x_city_competition_z,0.02415243054423149,0.015961536674558272,0.13023788103259376,-0.007131606475817946,0.055436467564280924,14514,97,30,0.026695517951697112,0.026628453631291404,all,city_competition_z,isolated_competition_pricing,False,Unlock fee_x_Any platform_x_city_Competition,0.024,positive
isolated_competition_dml_city_competition_z_all,dml_rf,ml_residualized,ur_boxcox,unlock_fee_z_x_platform_any_x_city_competition_z,-0.004016454472636076,0.013537480928112368,0.7667021062544734,-0.03054942953313418,0.022516520587862028,14514,97,30,0.0005035292489846688,0.00043466020256066606,all,city_competition_z,isolated_competition_pricing,False,Unlock fee_x_Any platform_x_city_Competition,-0.004,negative
isolated_competition_dml_active_city_operators_z_all,dml_hgb,ml_residualized,ur_boxcox,unlock_fee_z_x_platform_any_x_active_city_operators_z,0.02241991314664676,0.017537755670723094,0.20111553168870555,-0.0119534563376336,0.05679328263092712,14514,97,30,0.013378992804930934,0.013311010926119193,all,active_city_operators_z,isolated_competition_pricing,False,Unlock fee_x_Any platform_x_active_city_operators_z,0.022,positive
isolated_competition_dml_active_city_operators_z_all,dml_rf,ml_residualized,ur_boxcox,unlock_fee_z_x_platform_any_x_active_city_operators_z,-0.01997887554651004,0.015622960192544458,0.20096221703646633,-0.050599314855800125,0.010641563762780047,14514,97,30,0.009077564973607788,0.009009286710324749,all,active_city_operators_z,isolated_competition_pricing,False,Unlock fee_x_Any platform_x_active_city_operators_z,-0.020,negative
isolated_competition_dml_active_operators_z_all,dml_hgb,ml_residualized,ur_boxcox,unlock_fee_z_x_platform_any_x_active_operators_z,0.02241991314664676,0.017537755670723094,0.20111553168870555,-0.0119534563376336,0.05679328263092712,14514,97,30,0.013378992804930934,0.013311010926119193,all,active_operators_z,isolated_competition_pricing,False,Unlock fee_x_Any platform_x_active_operators_z,0.022,positive
isolated_competition_dml_active_operators_z_all,dml_rf,ml_residualized,ur_boxcox,unlock_fee_z_x_platform_any_x_active_operators_z,-0.01997887554651009,0.015622960192544446,0.20096221703646466,-0.05059931485580015,0.01064156376277997,14514,97,30,0.009077564973607788,0.009009286710324749,all,active_operators_z,isolated_competition_pricing,False,Unlock fee_x_Any platform_x_active_operators_z,-0.020,negative
isolated_competition_dml_market_fragmentation_z_all,dml_hgb,ml_residualized,ur_boxcox,unlock_fee_z_x_platform_any_x_market_fragmentation_z,0.0030753769695325756,0.012760579289347422,0.809550417818921,-0.021934898859456087,0.02808565279852124,14514,97,30,0.00027730305826556556,0.00020841842401064792,all,market_fragmentation_z,isolated_competition_pricing,False,Unlock fee_x_Any platform_x_market_fragmentation_z,0.003,positive
isolated_competition_dml_market_fragmentation_z_all,dml_rf,ml_residualized,ur_boxcox,unlock_fee_z_x_platform_any_x_market_fragmentation_z,-0.006147143046665522,0.0165449549535569,0.7102339968569593,-0.038574658881474606,0.026280372788143564,14514,97,30,0.0009651587286895191,0.0008963214902638628,all,market_fragmentation_z,isolated_competition_pricing,False,Unlock fee_x_Any platform_x_market_fragmentation_z,-0.006,negative
isolated_competition_dml_leave_one_out_competitor_trips_z_all,dml_hgb,ml_residualized,ur_boxcox,unlock_fee_z_x_platform_any_x_leave_one_out_competitor_trips_z,0.011974806609841546,0.017583072376018635,0.4958450650598395,-0.02248738198471609,0.04643699520439919,14514,97,30,0.004910234809436642,0.0048416694015133155,all,leave_one_out_competitor_trips_z,isolated_competition_pricing,False,Unlock fee_x_Any platform_x_leave_one_out_competitor_trips_z,0.012,positive
isolated_competition_dml_leave_one_out_competitor_trips_z_all,dml_rf,ml_residualized,ur_boxcox,unlock_fee_z_x_platform_any_x_leave_one_out_competitor_trips_z,-0.009066455988434564,0.007463432007142149,0.22444857677177077,-0.02369451392349666,0.005561601946627534,14514,97,30,0.003092430272089941,0.0030237396106327363,all,leave_one_out_competitor_trips_z,isolated_competition_pricing,False,Unlock fee_x_Any platform_x_leave_one_out_competitor_trips_z,-0.009,negative
isolated_competition_dml_city_competition_z_no_weak_exposure,dml_hgb,ml_residualized,ur_boxcox,unlock_fee_z_x_platform_any_x_city_competition_z,-0.001534925914122292,0.012354302086983583,0.9011234946989336,-0.02574891305873814,0.02267906123049356,13768,92,30,0.00011059119923995109,3.796176589943023e-05,no_weak_exposure,city_competition_z,isolated_competition_pricing,False,Unlock fee_x_Any platform_x_city_Competition,-0.002,negative
isolated_competition_dml_city_competition_z_no_weak_exposure,dml_rf,ml_residualized,ur_boxcox,unlock_fee_z_x_platform_any_x_city_competition_z,-0.0035339983278672854,0.014345399207879389,0.8054108096665239,-0.03165046411916031,0.024582467463425735,13768,92,30,0.0004273742878126985,0.0003547678647931596,no_weak_exposure,city_competition_z,isolated_competition_pricing,False,Unlock fee_x_Any platform_x_city_Competition,-0.004,negative
isolated_competition_dml_active_city_operators_z_no_weak_exposure,dml_hgb,ml_residualized,ur_boxcox,unlock_fee_z_x_platform_any_x_active_city_operators_z,0.0050269290140946684,0.015888553131595953,0.7517089094378715,-0.02611406289028449,0.036167920918473824,13768,92,30,0.0006785800321236213,0.0006059918560528121,no_weak_exposure,active_city_operators_z,isolated_competition_pricing,False,Unlock fee_x_Any platform_x_active_city_operators_z,0.005,positive
isolated_competition_dml_active_city_operators_z_no_weak_exposure,dml_rf,ml_residualized,ur_boxcox,unlock_fee_z_x_platform_any_x_active_city_operators_z,-0.019436413969100983,0.01572684928249581,0.21650517028080918,-0.05026047215308236,0.011387644214880394,13768,92,30,0.00998604140005066,0.009914129294392282,no_weak_exposure,active_city_operators_z,isolated_competition_pricing,False,Unlock fee_x_Any platform_x_active_city_operators_z,-0.019,negative
isolated_competition_dml_active_operators_z_no_weak_exposure,dml_hgb,ml_residualized,ur_boxcox,unlock_fee_z_x_platform_any_x_active_operators_z,0.0050269290140946684,0.015888553131595953,0.7517089094378715,-0.02611406289028449,0.036167920918473824,13768,92,30,0.0006785800321236213,0.0006059918560528121,no_weak_exposure,active_operators_z,isolated_competition_pricing,False,Unlock fee_x_Any platform_x_active_operators_z,0.005,positive
isolated_competition_dml_active_operators_z_no_weak_exposure,dml_rf,ml_residualized,ur_boxcox,unlock_fee_z_x_platform_any_x_active_operators_z,-0.01943641396910101,0.0157268492824958,0.2165051702808083,-0.05026047215308237,0.011387644214880345,13768,92,30,0.009986041400050882,0.009914129294392504,no_weak_exposure,active_operators_z,isolated_competition_pricing,False,Unlock fee_x_Any platform_x_active_operators_z,-0.019,negative
isolated_competition_dml_market_fragmentation_z_no_weak_exposure,dml_hgb,ml_residualized,ur_boxcox,unlock_fee_z_x_platform_any_x_market_fragmentation_z,0.005725145834082606,0.015766528607716282,0.7165150571032703,-0.02517668239826175,0.03662697406642696,13768,92,30,0.0010921642092945882,0.001019606074930568,no_weak_exposure,market_fragmentation_z,isolated_competition_pricing,False,Unlock fee_x_Any platform_x_market_fragmentation_z,0.006,positive
isolated_competition_dml_market_fragmentation_z_no_weak_exposure,dml_rf,ml_residualized,ur_boxcox,unlock_fee_z_x_platform_any_x_market_fragmentation_z,-0.005146932745343832,0.019778358894170994,0.7946859585692266,-0.043911803851226436,0.033617938360538765,13768,92,30,0.0007824746057498722,0.0007098939763177103,no_weak_exposure,market_fragmentation_z,isolated_competition_pricing,False,Unlock fee_x_Any platform_x_market_fragmentation_z,-0.005,negative
isolated_competition_dml_leave_one_out_competitor_trips_z_no_weak_exposure,dml_hgb,ml_residualized,ur_boxcox,unlock_fee_z_x_platform_any_x_leave_one_out_competitor_trips_z,0.0038764367700726042,0.015508582983290192,0.802622701945906,-0.02651982732842692,0.03427270086857213,13768,92,30,0.0005376614600645091,0.00046506304802573784,no_weak_exposure,leave_one_out_competitor_trips_z,isolated_competition_pricing,False,Unlock fee_x_Any platform_x_leave_one_out_competitor_trips_z,0.004,positive
isolated_competition_dml_leave_one_out_competitor_trips_z_no_weak_exposure,dml_rf,ml_residualized,ur_boxcox,unlock_fee_z_x_platform_any_x_leave_one_out_competitor_trips_z,-0.007453980852007124,0.007484306695042799,0.31927537459302846,-0.02212295242354301,0.007214990719528763,13768,92,30,0.002438874328291707,0.0023664140155387203,no_weak_exposure,leave_one_out_competitor_trips_z,isolated_competition_pricing,False,Unlock fee_x_Any platform_x_leave_one_out_competitor_trips_z,-0.007,negative
