model,estimator,fe_strategy,outcome,term,coef,std_err,p_value,ci_low,ci_high,nobs,city_operators,cities,r2,adj_r2,sample,family,moderator,moderator_category,moderator_centrality,platform_family,significant_05,label,estimate,effect_direction
same_mode_competition_platform_types_market_fe_all,ols_cluster,market_fe,ur_boxcox,same_mode_competitor_count_day_z:local_maas_only,-0.059209862684955754,0.023914089983411466,0.013288574104024226,-0.10608061777549228,-0.012339107594419224,14514,97,30,0.7772892847311969,0.7741457193280595,all,platform_feature_moderation,same_mode_competition,competition,high,platform_types,True,same_mode_competitor_count_day_z:Local MaaS only,-0.059*,negative
same_platform_competition_platform_types_unit_fe_all,ols_cluster,unit_fe,ur_boxcox,same_platform_competitor_count_day_z:large_aggregator_only,-0.29622267677497366,0.00791753989623064,2.359540938767446e-306,-0.31174076981774473,-0.2807045837322026,14514,97,30,0.9005025357823434,0.8987017398673554,all,platform_feature_moderation,same_platform_competition,platform_competition,high,platform_types,True,same_platform_competitor_count_day_z:FreeNow only,-0.296***,negative
same_platform_competition_platform_types_unit_fe_all,ols_cluster,unit_fe,ur_boxcox,same_platform_competitor_count_day_z:local_maas_only,-0.2972482543722816,0.014879896723417106,8.819474029804673e-89,-0.3264123160438547,-0.2680841927007085,14514,97,30,0.9005025357823434,0.8987017398673554,all,platform_feature_moderation,same_platform_competition,platform_competition,high,platform_types,True,same_platform_competitor_count_day_z:Local MaaS only,-0.297***,negative
same_platform_competition_platform_types_unit_fe_all,ols_cluster,unit_fe,ur_boxcox,same_platform_competitor_count_day_z:multi_platform,-0.3186933611166175,0.009761267458070554,8.342278174055144e-234,-0.33782509377789866,-0.29956162845533635,14514,97,30,0.9005025357823434,0.8987017398673554,all,platform_feature_moderation,same_platform_competition,platform_competition,high,platform_types,True,same_platform_competitor_count_day_z:Multi-platform,-0.319***,negative
active_vehicle_hhi_same_mode_platform_types_market_fe_all,ols_cluster,market_fe,ur_boxcox,active_vehicle_hhi_same_mode_day_z:local_maas_only,0.046524323891669675,0.021184423337388465,0.02808069344948241,0.0050036171171384675,0.08804503066620088,14514,97,30,0.7896518358225759,0.786682768031098,all,platform_feature_moderation,active_vehicle_hhi_same_mode,competition_concentration,medium,platform_types,True,active_vehicle_hhi_same_mode_day_z:Local MaaS only,0.047*,positive
unlock_fee_gap_same_mode_any_platform_market_fe_all,ols_cluster,market_fe,ur_boxcox,unlock_fee_gap_to_same_mode_min_z:platform_any,-0.0741664369681546,0.014816078058057498,5.562828464993734e-07,-0.10320541635408144,-0.04512745758222776,14514,97,30,0.768979037413914,0.7657836374424125,all,platform_feature_moderation,unlock_fee_gap_same_mode,relative_price_position,very_high,any_platform,True,unlock_fee_gap_to_same_mode_min_z:Any platform,-0.074***,negative
unlock_fee_gap_same_mode_platform_types_market_fe_all,ols_cluster,market_fe,ur_boxcox,unlock_fee_gap_to_same_mode_min_z:local_maas_only,-0.08928228513874446,0.017356333869197993,2.688419591405601e-07,-0.12330007442602525,-0.055264495851463674,14514,97,30,0.7820005129165731,0.7789234465766351,all,platform_feature_moderation,unlock_fee_gap_same_mode,relative_price_position,very_high,platform_types,True,unlock_fee_gap_to_same_mode_min_z:Local MaaS only,-0.089***,negative
unlock_fee_gap_same_mode_platform_types_market_fe_all,ols_cluster,market_fe,ur_boxcox,unlock_fee_gap_to_same_mode_min_z:multi_platform,-0.09087616173331291,0.016751879525370703,5.8008499855763795e-08,-0.12370924227639342,-0.058043081190232396,14514,97,30,0.7820005129165731,0.7789234465766351,all,platform_feature_moderation,unlock_fee_gap_same_mode,relative_price_position,very_high,platform_types,True,unlock_fee_gap_to_same_mode_min_z:Multi-platform,-0.091***,negative
unlock_fee_gap_same_mode_platform_types_unit_fe_all,ols_cluster,unit_fe,ur_boxcox,unlock_fee_gap_to_same_mode_min_z:local_maas_only,-0.029732478854391897,0.009632527942495556,0.002024090706281483,-0.048611886701758894,-0.0108530710070249,14514,97,30,0.9006181653541212,0.8988123638125691,all,platform_feature_moderation,unlock_fee_gap_same_mode,relative_price_position,very_high,platform_types,True,unlock_fee_gap_to_same_mode_min_z:Local MaaS only,-0.030**,negative
unlock_fee_gap_same_mode_platform_types_unit_fe_all,ols_cluster,unit_fe,ur_boxcox,unlock_fee_gap_to_same_mode_min_z:multi_platform,-0.04051718308794497,0.011455743622213126,0.00040493810495502783,-0.06297002800360713,-0.01806433817228282,14514,97,30,0.9006181653541212,0.8988123638125691,all,platform_feature_moderation,unlock_fee_gap_same_mode,relative_price_position,very_high,platform_types,True,unlock_fee_gap_to_same_mode_min_z:Multi-platform,-0.041***,negative
price_per_minute_gap_same_mode_platform_types_market_fe_all,ols_cluster,market_fe,ur_boxcox,price_per_minute_gap_to_same_mode_min_z:large_aggregator_only,0.04616258710481271,0.014091501238527608,0.0010531954353689263,0.018543752189197033,0.0737814220204284,14514,97,30,0.7827751903977926,0.779709058643223,all,platform_feature_moderation,price_per_minute_gap_same_mode,relative_price_position,high,platform_types,True,price_per_minute_gap_to_same_mode_min_z:FreeNow only,0.046**,positive
price_per_minute_gap_same_mode_platform_types_market_fe_all,ols_cluster,market_fe,ur_boxcox,price_per_minute_gap_to_same_mode_min_z:local_maas_only,-0.10445231668436587,0.03521973173083429,0.003019626263878947,-0.17348172242196364,-0.035422910946768124,14514,97,30,0.7827751903977926,0.779709058643223,all,platform_feature_moderation,price_per_minute_gap_same_mode,relative_price_position,high,platform_types,True,price_per_minute_gap_to_same_mode_min_z:Local MaaS only,-0.104**,negative
active_vehicle_share_same_mode_platform_types_market_fe_all,ols_cluster,market_fe,ur_boxcox,active_vehicle_share_same_mode_z:local_maas_only,0.05845746357064653,0.02290570019921779,0.010707811465731994,0.013563116139507725,0.10335181100178534,14514,97,30,0.7968937045890538,0.794026855894133,all,platform_feature_moderation,active_vehicle_share_same_mode,availability_position,high,platform_types,True,active_vehicle_share_same_mode_z:Local MaaS only,0.058*,positive
active_vehicle_share_same_mode_platform_types_unit_fe_all,ols_cluster,unit_fe,ur_boxcox,active_vehicle_share_same_mode_z:large_aggregator_only,0.026967704170407416,0.010235771060221006,0.008422335457764534,0.00690596153837688,0.04702944680243795,14514,97,30,0.9051137775008471,0.9033896627521955,all,platform_feature_moderation,active_vehicle_share_same_mode,availability_position,high,platform_types,True,active_vehicle_share_same_mode_z:FreeNow only,0.027**,positive
active_vehicle_share_same_mode_platform_types_unit_fe_all,ols_cluster,unit_fe,ur_boxcox,active_vehicle_share_same_mode_z:multi_platform,0.019209680439175526,0.008497606255501867,0.023784098018283146,0.002554678223589596,0.035864682654761455,14514,97,30,0.9051137775008471,0.9033896627521955,all,platform_feature_moderation,active_vehicle_share_same_mode,availability_position,high,platform_types,True,active_vehicle_share_same_mode_z:Multi-platform,0.019*,positive
commute_peak_share_platform_types_market_fe_all,ols_cluster,market_fe,ur_boxcox,commute_peak_trip_share_z:local_maas_only,0.010781049884039495,0.005127134262164075,0.03548816933198836,0.0007320513862965634,0.02083004838178243,14514,97,30,0.7703546883842326,0.7671132410397853,all,platform_feature_moderation,commute_peak_share,process_usage_context,medium,platform_types,True,commute_peak_trip_share_z:Local MaaS only,0.011*,positive
commute_peak_share_platform_types_unit_fe_all,ols_cluster,unit_fe,ur_boxcox,commute_peak_trip_share_z:local_maas_only,0.00903005200885114,0.004425119468295744,0.041287157826633024,0.0003569772237044487,0.017703126793997832,14514,97,30,0.9024443005409352,0.9006716804932364,all,platform_feature_moderation,commute_peak_share,process_usage_context,medium,platform_types,True,commute_peak_trip_share_z:Local MaaS only,0.009*,positive
night_trip_share_platform_types_market_fe_all,ols_cluster,market_fe,ur_boxcox,night_trip_share_z:local_maas_only,-0.018536309935748334,0.005647212987540831,0.0010293407782312127,-0.029604644004355203,-0.0074679758671414645,14514,97,30,0.7746040058239623,0.7714225376649546,all,platform_feature_moderation,night_trip_share,process_usage_context,medium,platform_types,True,night_trip_share_z:Local MaaS only,-0.019**,negative
night_trip_share_platform_types_unit_fe_all,ols_cluster,unit_fe,ur_boxcox,night_trip_share_z:local_maas_only,-0.017575924686347603,0.0042868608545624355,4.1323544135834756e-05,-0.025978017568024578,-0.00917383180467063,14514,97,30,0.9054326478324513,0.9037143270655511,all,platform_feature_moderation,night_trip_share,process_usage_context,medium,platform_types,True,night_trip_share_z:Local MaaS only,-0.018***,negative
reservation_available_platform_types_unit_fe_all,ols_cluster,unit_fe,ur_boxcox,reservation_available_external:multi_platform,-0.05862577812364534,0.020727620044123252,0.004678288212309137,-0.09925116689535744,-0.018000389351933238,14514,97,30,0.9004142863711723,0.8986118932377989,all,platform_feature_moderation,reservation_available,process_product,medium,platform_types,True,reservation_available_external:Multi-platform,-0.059**,negative
same_mode_competition_any_platform_market_fe_no_weak_exposure,ols_cluster,market_fe,ur_boxcox,same_mode_competitor_count_day_z:platform_any,-0.030007822749169372,0.012884138498097112,0.019856334900919304,-0.055260270177265695,-0.004755375321073049,13768,92,30,0.8053238588226751,0.8024831280427274,no_weak_exposure,platform_feature_moderation,same_mode_competition,competition,high,any_platform,True,same_mode_competitor_count_day_z:Any platform,-0.030*,negative
same_mode_competition_platform_types_market_fe_no_weak_exposure,ols_cluster,market_fe,ur_boxcox,same_mode_competitor_count_day_z:local_maas_only,-0.04697078923899671,0.021577697881331022,0.029493913944898975,-0.08926229995569174,-0.004679278522301676,13768,92,30,0.8123719023247203,0.809577882735306,no_weak_exposure,platform_feature_moderation,same_mode_competition,competition,high,platform_types,True,same_mode_competitor_count_day_z:Local MaaS only,-0.047*,negative
active_vehicle_hhi_same_mode_any_platform_market_fe_no_weak_exposure,ols_cluster,market_fe,ur_boxcox,active_vehicle_hhi_same_mode_day_z:platform_any,0.04164435325470416,0.01600467281887977,0.009267856668476952,0.010275770945352668,0.07301293556405566,13768,92,30,0.8081870188766631,0.8053880675713038,no_weak_exposure,platform_feature_moderation,active_vehicle_hhi_same_mode,competition_concentration,medium,any_platform,True,active_vehicle_hhi_same_mode_day_z:Any platform,0.042**,positive
active_vehicle_hhi_same_mode_platform_types_market_fe_no_weak_exposure,ols_cluster,market_fe,ur_boxcox,active_vehicle_hhi_same_mode_day_z:local_maas_only,0.04352655454184714,0.01978006553355186,0.027769575653224982,0.004758338484243445,0.08229477059945084,13768,92,30,0.8154047196408745,0.8126558625356373,no_weak_exposure,platform_feature_moderation,active_vehicle_hhi_same_mode,competition_concentration,medium,platform_types,True,active_vehicle_hhi_same_mode_day_z:Local MaaS only,0.044*,positive
active_vehicle_hhi_same_mode_platform_types_market_fe_no_weak_exposure,ols_cluster,market_fe,ur_boxcox,active_vehicle_hhi_same_mode_day_z:multi_platform,0.06435682582024793,0.026521700948630253,0.01524221144384247,0.01237524715219085,0.11633840448830501,13768,92,30,0.8154047196408745,0.8126558625356373,no_weak_exposure,platform_feature_moderation,active_vehicle_hhi_same_mode,competition_concentration,medium,platform_types,True,active_vehicle_hhi_same_mode_day_z:Multi-platform,0.064*,positive
unlock_fee_gap_same_mode_any_platform_market_fe_no_weak_exposure,ols_cluster,market_fe,ur_boxcox,unlock_fee_gap_to_same_mode_min_z:platform_any,-0.05509070396814849,0.01230099209826748,7.514902770622527e-06,-0.07920020545486453,-0.030981202481432442,13768,92,30,0.8082634141320317,0.8054655775927246,no_weak_exposure,platform_feature_moderation,unlock_fee_gap_same_mode,relative_price_position,very_high,any_platform,True,unlock_fee_gap_to_same_mode_min_z:Any platform,-0.055***,negative
unlock_fee_gap_same_mode_platform_types_market_fe_no_weak_exposure,ols_cluster,market_fe,ur_boxcox,unlock_fee_gap_to_same_mode_min_z:local_maas_only,-0.07654837856175227,0.015709967945047188,1.1013947449455481e-06,-0.10733934993232348,-0.04575740719118106,13768,92,30,0.8228424898355293,0.8202043905319375,no_weak_exposure,platform_feature_moderation,unlock_fee_gap_same_mode,relative_price_position,very_high,platform_types,True,unlock_fee_gap_to_same_mode_min_z:Local MaaS only,-0.077***,negative
unlock_fee_gap_same_mode_platform_types_market_fe_no_weak_exposure,ols_cluster,market_fe,ur_boxcox,unlock_fee_gap_to_same_mode_min_z:multi_platform,-0.08693127597153014,0.015040887290281635,7.484992492808397e-09,-0.11641087335600839,-0.057451678587051885,13768,92,30,0.8228424898355293,0.8202043905319375,no_weak_exposure,platform_feature_moderation,unlock_fee_gap_same_mode,relative_price_position,very_high,platform_types,True,unlock_fee_gap_to_same_mode_min_z:Multi-platform,-0.087***,negative
unlock_fee_gap_same_mode_platform_types_unit_fe_no_weak_exposure,ols_cluster,unit_fe,ur_boxcox,unlock_fee_gap_to_same_mode_min_z:local_maas_only,-0.029893211929085832,0.00966344689965682,0.0019785616183585434,-0.04883321981892845,-0.010953204039243217,13768,92,30,0.9029328463228874,0.9011083027697173,no_weak_exposure,platform_feature_moderation,unlock_fee_gap_same_mode,relative_price_position,very_high,platform_types,True,unlock_fee_gap_to_same_mode_min_z:Local MaaS only,-0.030**,negative
unlock_fee_gap_same_mode_platform_types_unit_fe_no_weak_exposure,ols_cluster,unit_fe,ur_boxcox,unlock_fee_gap_to_same_mode_min_z:multi_platform,-0.04045123803389024,0.01146969918204275,0.0004206277962030685,-0.06293143534420255,-0.01797104072357793,13768,92,30,0.9029328463228874,0.9011083027697173,no_weak_exposure,platform_feature_moderation,unlock_fee_gap_same_mode,relative_price_position,very_high,platform_types,True,unlock_fee_gap_to_same_mode_min_z:Multi-platform,-0.040***,negative
price_per_minute_gap_same_mode_platform_types_market_fe_no_weak_exposure,ols_cluster,market_fe,ur_boxcox,price_per_minute_gap_to_same_mode_min_z:large_aggregator_only,0.03376174567842587,0.01313722550434574,0.010171916163215304,0.008013256833127171,0.05951023452372456,13768,92,30,0.8175041253980228,0.8147865310987527,no_weak_exposure,platform_feature_moderation,price_per_minute_gap_same_mode,relative_price_position,high,platform_types,True,price_per_minute_gap_to_same_mode_min_z:FreeNow only,0.034*,positive
price_per_minute_gap_same_mode_platform_types_market_fe_no_weak_exposure,ols_cluster,market_fe,ur_boxcox,price_per_minute_gap_to_same_mode_min_z:local_maas_only,-0.06946070411607622,0.03154586735820793,0.027672689293252156,-0.13128946799924146,-0.007631940232910979,13768,92,30,0.8175041253980228,0.8147865310987527,no_weak_exposure,platform_feature_moderation,price_per_minute_gap_same_mode,relative_price_position,high,platform_types,True,price_per_minute_gap_to_same_mode_min_z:Local MaaS only,-0.069*,negative
active_vehicle_share_same_mode_any_platform_market_fe_no_weak_exposure,ols_cluster,market_fe,ur_boxcox,active_vehicle_share_same_mode_z:platform_any,0.04135973828392519,0.014748066460772575,0.0050407558271522886,0.01245405917920784,0.07026541738864253,13768,92,30,0.8149576062721177,0.8122574519528516,no_weak_exposure,platform_feature_moderation,active_vehicle_share_same_mode,availability_position,high,any_platform,True,active_vehicle_share_same_mode_z:Any platform,0.041**,positive
active_vehicle_share_same_mode_platform_types_market_fe_no_weak_exposure,ols_cluster,market_fe,ur_boxcox,active_vehicle_share_same_mode_z:local_maas_only,0.04497046555473546,0.02078345118064737,0.03048253250517568,0.004235649766220151,0.08570528134325077,13768,92,30,0.8225197490178284,0.8198768436954254,no_weak_exposure,platform_feature_moderation,active_vehicle_share_same_mode,availability_position,high,platform_types,True,active_vehicle_share_same_mode_z:Local MaaS only,0.045*,positive
active_vehicle_share_same_mode_platform_types_market_fe_no_weak_exposure,ols_cluster,market_fe,ur_boxcox,active_vehicle_share_same_mode_z:multi_platform,0.05010590964394786,0.022913348154848513,0.028760315328934596,0.005196572495217475,0.09501524679267824,13768,92,30,0.8225197490178284,0.8198768436954254,no_weak_exposure,platform_feature_moderation,active_vehicle_share_same_mode,availability_position,high,platform_types,True,active_vehicle_share_same_mode_z:Multi-platform,0.050*,positive
active_vehicle_share_same_mode_platform_types_unit_fe_no_weak_exposure,ols_cluster,unit_fe,ur_boxcox,active_vehicle_share_same_mode_z:large_aggregator_only,0.02581753497218523,0.010257928288883236,0.011841354757476772,0.005712364969979504,0.04592270497439096,13768,92,30,0.9075022932768003,0.9057636403124184,no_weak_exposure,platform_feature_moderation,active_vehicle_share_same_mode,availability_position,high,platform_types,True,active_vehicle_share_same_mode_z:FreeNow only,0.026*,positive
active_vehicle_share_same_mode_platform_types_unit_fe_no_weak_exposure,ols_cluster,unit_fe,ur_boxcox,active_vehicle_share_same_mode_z:multi_platform,0.019036611589835287,0.008263063444345688,0.021232744743972857,0.0028413048369482496,0.035231918342722324,13768,92,30,0.9075022932768003,0.9057636403124184,no_weak_exposure,platform_feature_moderation,active_vehicle_share_same_mode,availability_position,high,platform_types,True,active_vehicle_share_same_mode_z:Multi-platform,0.019*,positive
night_trip_share_platform_types_market_fe_no_weak_exposure,ols_cluster,market_fe,ur_boxcox,night_trip_share_z:local_maas_only,-0.018394016653669895,0.005458950520947594,0.0007530054309580034,-0.029093363068113345,-0.007694670239226445,13768,92,30,0.8136377412648057,0.8108625716175879,no_weak_exposure,platform_feature_moderation,night_trip_share,process_usage_context,medium,platform_types,True,night_trip_share_z:Local MaaS only,-0.018***,negative
night_trip_share_platform_types_unit_fe_no_weak_exposure,ols_cluster,unit_fe,ur_boxcox,night_trip_share_z:local_maas_only,-0.016083349577772795,0.0041473105564495795,0.00010531044844585983,-0.024211928901116744,-0.007954770254428848,13768,92,30,0.9082530907105649,0.906528550271024,no_weak_exposure,platform_feature_moderation,night_trip_share,process_usage_context,medium,platform_types,True,night_trip_share_z:Local MaaS only,-0.016***,negative
reservation_available_platform_types_unit_fe_no_weak_exposure,ols_cluster,unit_fe,ur_boxcox,reservation_available_external:multi_platform,-0.058474718153291805,0.020960890171649472,0.005275594599841152,-0.09955730797362436,-0.01739212833295925,13768,92,30,0.9027100905722865,0.9008886944582409,no_weak_exposure,platform_feature_moderation,reservation_available,process_product,medium,platform_types,True,reservation_available_external:Multi-platform,-0.058**,negative
free_unlock_pass_platform_types_unit_fe_no_weak_exposure,ols_cluster,unit_fe,ur_boxcox,free_unlock_pass_external:local_maas_only,-0.04754809356313666,0.021145603885474692,0.024537689409872054,-0.08899271561001729,-0.006103471516256037,13768,92,30,0.9025892753608247,0.9007803014125831,no_weak_exposure,platform_feature_moderation,free_unlock_pass,price_pass,high,platform_types,True,free_unlock_pass_external:Local MaaS only,-0.048*,negative
free_unlock_pass_platform_types_unit_fe_no_weak_exposure,ols_cluster,unit_fe,ur_boxcox,free_unlock_pass_external:multi_platform,-0.03062074274036835,0.00997845330472936,0.0021500224110489715,-0.050178151839052575,-0.011063333641684124,13768,92,30,0.9025892753608247,0.9007803014125831,no_weak_exposure,platform_feature_moderation,free_unlock_pass,price_pass,high,platform_types,True,free_unlock_pass_external:Multi-platform,-0.031**,negative
same_platform_competition_platform_types_market_fe_scooter_only,ols_cluster,market_fe,ur_boxcox,same_platform_competitor_count_day_z:large_aggregator_only,-0.2914679301622026,0.012439932927996089,2.1130978946186833e-121,-0.3158497506711689,-0.26708610965323637,11149,75,30,0.8313062464027865,0.8282402077722407,scooter_only,platform_feature_moderation,same_platform_competition,platform_competition,high,platform_types,True,same_platform_competitor_count_day_z:FreeNow only,-0.291***,negative
same_platform_competition_platform_types_market_fe_scooter_only,ols_cluster,market_fe,ur_boxcox,same_platform_competitor_count_day_z:local_maas_only,-0.27853328869309535,0.011869946882803597,9.200767344955776e-122,-0.30179795708179386,-0.25526862030439684,11149,75,30,0.8313062464027865,0.8282402077722407,scooter_only,platform_feature_moderation,same_platform_competition,platform_competition,high,platform_types,True,same_platform_competitor_count_day_z:Local MaaS only,-0.279***,negative
same_platform_competition_platform_types_market_fe_scooter_only,ols_cluster,market_fe,ur_boxcox,same_platform_competitor_count_day_z:multi_platform,-0.3017224967890317,0.012593970164482049,7.682268513794414e-127,-0.3264062247337885,-0.27703876884427486,11149,75,30,0.8313062464027865,0.8282402077722407,scooter_only,platform_feature_moderation,same_platform_competition,platform_competition,high,platform_types,True,same_platform_competitor_count_day_z:Multi-platform,-0.302***,negative
unlock_fee_gap_same_mode_any_platform_market_fe_scooter_only,ols_cluster,market_fe,ur_boxcox,unlock_fee_gap_to_same_mode_min_z:platform_any,-0.028487657721153713,0.009750290416934728,0.0034809983808221402,-0.047597875777151806,-0.00937743966515562,11149,75,30,0.8317799511634649,0.8287694389673399,scooter_only,platform_feature_moderation,unlock_fee_gap_same_mode,relative_price_position,very_high,any_platform,True,unlock_fee_gap_to_same_mode_min_z:Any platform,-0.028**,negative
unlock_fee_gap_same_mode_platform_types_market_fe_scooter_only,ols_cluster,market_fe,ur_boxcox,unlock_fee_gap_to_same_mode_min_z:local_maas_only,-0.04674877368506389,0.0145667850326014,0.0013307159213083737,-0.07529914771949975,-0.018198399650628028,11149,75,30,0.8350788665294051,0.8320660580991787,scooter_only,platform_feature_moderation,unlock_fee_gap_same_mode,relative_price_position,very_high,platform_types,True,unlock_fee_gap_to_same_mode_min_z:Local MaaS only,-0.047**,negative
unlock_fee_gap_same_mode_platform_types_market_fe_scooter_only,ols_cluster,market_fe,ur_boxcox,unlock_fee_gap_to_same_mode_min_z:multi_platform,-0.049137695866688494,0.01486283760211456,0.000946118496287182,-0.07826832227490069,-0.020007069458476297,11149,75,30,0.8350788665294051,0.8320660580991787,scooter_only,platform_feature_moderation,unlock_fee_gap_same_mode,relative_price_position,very_high,platform_types,True,unlock_fee_gap_to_same_mode_min_z:Multi-platform,-0.049***,negative
unlock_fee_gap_same_mode_platform_types_unit_fe_scooter_only,ols_cluster,unit_fe,ur_boxcox,unlock_fee_gap_to_same_mode_min_z:local_maas_only,-0.13953200651454725,0.016745712123639626,7.921837348944138e-17,-0.17235299917235666,-0.10671101385673784,11149,75,30,0.8841547049667025,0.8816384062843735,scooter_only,platform_feature_moderation,unlock_fee_gap_same_mode,relative_price_position,very_high,platform_types,True,unlock_fee_gap_to_same_mode_min_z:Local MaaS only,-0.140***,negative
unlock_fee_gap_same_mode_platform_types_unit_fe_scooter_only,ols_cluster,unit_fe,ur_boxcox,unlock_fee_gap_to_same_mode_min_z:multi_platform,-0.14899980567742907,0.014759730920854103,5.811814899007541e-24,-0.1779283467038053,-0.12007126465105282,11149,75,30,0.8841547049667025,0.8816384062843735,scooter_only,platform_feature_moderation,unlock_fee_gap_same_mode,relative_price_position,very_high,platform_types,True,unlock_fee_gap_to_same_mode_min_z:Multi-platform,-0.149***,negative
active_vehicle_share_same_mode_any_platform_unit_fe_scooter_only,ols_cluster,unit_fe,ur_boxcox,active_vehicle_share_same_mode_z:platform_any,0.02776473881105311,0.00885801181629265,0.0017219357558612546,0.010403354676489285,0.04512612294561694,11149,75,30,0.8948975135923349,0.8926539149360834,scooter_only,platform_feature_moderation,active_vehicle_share_same_mode,availability_position,high,any_platform,True,active_vehicle_share_same_mode_z:Any platform,0.028**,positive
active_vehicle_share_same_mode_platform_types_unit_fe_scooter_only,ols_cluster,unit_fe,ur_boxcox,active_vehicle_share_same_mode_z:large_aggregator_only,0.02945428427345249,0.010324761379534676,0.004333846160063843,0.009218123820594441,0.04969044472631054,11149,75,30,0.8952629095308027,0.8929878943680128,scooter_only,platform_feature_moderation,active_vehicle_share_same_mode,availability_position,high,platform_types,True,active_vehicle_share_same_mode_z:FreeNow only,0.029**,positive
reservation_available_platform_types_unit_fe_scooter_only,ols_cluster,unit_fe,ur_boxcox,reservation_available_external:local_maas_only,-0.05095312165369659,0.02463226107124127,0.038588112815081455,-0.09923146621111748,-0.002674777096275692,11149,75,30,0.8837281393791547,0.8812134620416804,scooter_only,platform_feature_moderation,reservation_available,process_product,medium,platform_types,True,reservation_available_external:Local MaaS only,-0.051*,negative
reservation_available_platform_types_unit_fe_scooter_only,ols_cluster,unit_fe,ur_boxcox,reservation_available_external:multi_platform,-0.08607394860061875,0.017833635071526858,1.389569553537769e-06,-0.12102723105424178,-0.051120666146995716,11149,75,30,0.8837281393791547,0.8812134620416804,scooter_only,platform_feature_moderation,reservation_available,process_product,medium,platform_types,True,reservation_available_external:Multi-platform,-0.086***,negative
high_fee_same_mode_competition_market_fe_all,ols_cluster,market_fe,ur_boxcox,unlock_fee_ge_1_00:large_aggregator_only:same_mode_competitor_count_day_z,-0.06584564097810679,0.02990577780762669,0.027681567315904498,-0.12445988841071232,-0.007231393545501258,14514,97,30,0.7872537688709916,0.7841452703876329,all,high_fee_feature_moderation,same_mode_competition,competition,high,platform_types,True,unlock_fee_ge_1_00:FreeNow only:same_mode_competitor_count_day_z,-0.066*,negative
high_fee_unlock_fee_gap_same_mode_unit_fe_all,ols_cluster,unit_fe,ur_boxcox,unlock_fee_ge_1_00:local_maas_only:unlock_fee_gap_to_same_mode_min_z,1.8742057249174207,0.40205042315960243,3.137322123180786e-06,1.0862013755555116,2.6622100742793298,14514,97,30,0.9008040156574282,0.8989661505534603,all,high_fee_feature_moderation,unlock_fee_gap_same_mode,relative_price_position,very_high,platform_types,True,unlock_fee_ge_1_00:Local MaaS only:unlock_fee_gap_to_same_mode_min_z,1.874***,positive
high_fee_unlock_fee_gap_same_mode_unit_fe_all,ols_cluster,unit_fe,ur_boxcox,unlock_fee_ge_1_00:multi_platform:unlock_fee_gap_to_same_mode_min_z,1.8875555218265796,0.3957043703308367,1.8412038288323886e-06,1.1119892074530398,2.663121836200119,14514,97,30,0.9008040156574282,0.8989661505534603,all,high_fee_feature_moderation,unlock_fee_gap_same_mode,relative_price_position,very_high,platform_types,True,unlock_fee_ge_1_00:Multi-platform:unlock_fee_gap_to_same_mode_min_z,1.888***,positive
high_fee_active_vehicle_share_same_mode_unit_fe_all,ols_cluster,unit_fe,ur_boxcox,unlock_fee_ge_1_00:multi_platform:active_vehicle_share_same_mode_z,-0.074065923740687,0.02803731307034499,0.008249322586359428,-0.12901804758183733,-0.019113799899536696,14514,97,30,0.9055256673800827,0.9037617751587801,all,high_fee_feature_moderation,active_vehicle_share_same_mode,availability_position,high,platform_types,True,unlock_fee_ge_1_00:Multi-platform:active_vehicle_share_same_mode_z,-0.074**,negative
high_fee_same_mode_competition_market_fe_no_weak_exposure,ols_cluster,market_fe,ur_boxcox,unlock_fee_ge_1_00:large_aggregator_only:same_mode_competitor_count_day_z,-0.05524062783982197,0.025310731303430572,0.029072777175245878,-0.10484874961691643,-0.005632506062727513,13768,92,30,0.8185336404590129,0.8157362906180285,no_weak_exposure,high_fee_feature_moderation,same_mode_competition,competition,high,platform_types,True,unlock_fee_ge_1_00:FreeNow only:same_mode_competitor_count_day_z,-0.055*,negative
high_fee_unlock_fee_gap_same_mode_unit_fe_no_weak_exposure,ols_cluster,unit_fe,ur_boxcox,unlock_fee_ge_1_00:local_maas_only:unlock_fee_gap_to_same_mode_min_z,1.9094681406971463,0.39990996589640665,1.7993503739692727e-06,1.125659010481548,2.693277270912745,13768,92,30,0.9031272091063862,0.90126978736805,no_weak_exposure,high_fee_feature_moderation,unlock_fee_gap_same_mode,relative_price_position,very_high,platform_types,True,unlock_fee_ge_1_00:Local MaaS only:unlock_fee_gap_to_same_mode_min_z,1.909***,positive
high_fee_unlock_fee_gap_same_mode_unit_fe_no_weak_exposure,ols_cluster,unit_fe,ur_boxcox,unlock_fee_ge_1_00:multi_platform:unlock_fee_gap_to_same_mode_min_z,1.922422977763854,0.3936330900866812,1.0406372260264297e-06,1.1509162980707481,2.69392965745696,13768,92,30,0.9031272091063862,0.90126978736805,no_weak_exposure,high_fee_feature_moderation,unlock_fee_gap_same_mode,relative_price_position,very_high,platform_types,True,unlock_fee_ge_1_00:Multi-platform:unlock_fee_gap_to_same_mode_min_z,1.922***,positive
high_fee_active_vehicle_share_same_mode_unit_fe_no_weak_exposure,ols_cluster,unit_fe,ur_boxcox,unlock_fee_ge_1_00:multi_platform:active_vehicle_share_same_mode_z,-0.07178776005287418,0.027609823159676635,0.009320192126453915,-0.12590201906536025,-0.017673501040388104,13768,92,30,0.9079197236197732,0.9061402957998976,no_weak_exposure,high_fee_feature_moderation,active_vehicle_share_same_mode,availability_position,high,platform_types,True,unlock_fee_ge_1_00:Multi-platform:active_vehicle_share_same_mode_z,-0.072**,negative
high_fee_free_unlock_pass_unit_fe_no_weak_exposure,ols_cluster,unit_fe,ur_boxcox,unlock_fee_ge_1_00:multi_platform:free_unlock_pass_external,-0.04121716111338339,0.008796954492086232,2.794275727304923e-06,-0.05845887509151025,-0.02397544713525653,13768,92,30,0.9028530338861187,0.9010269901213791,no_weak_exposure,high_fee_feature_moderation,free_unlock_pass,price_pass,high,platform_types,True,unlock_fee_ge_1_00:Multi-platform:free_unlock_pass_external,-0.041***,negative
high_fee_same_mode_competition_market_fe_scooter_only,ols_cluster,market_fe,ur_boxcox,unlock_fee_ge_1_00:large_aggregator_only:same_mode_competitor_count_day_z,-0.056755329498854305,0.02178607759647451,0.009184229609795936,-0.09945525695233928,-0.014055402045369321,11149,75,30,0.8403650030543444,0.8373447631889069,scooter_only,high_fee_feature_moderation,same_mode_competition,competition,high,platform_types,True,unlock_fee_ge_1_00:FreeNow only:same_mode_competitor_count_day_z,-0.057**,negative
high_fee_same_platform_competition_market_fe_scooter_only,ols_cluster,market_fe,ur_boxcox,unlock_fee_ge_1_00:local_maas_only:same_platform_competitor_count_day_z,-0.014939426247040283,0.0070682446531724575,0.03454963515323436,-0.028792931201176104,-0.0010859212929044612,11149,75,30,0.8399862493431397,0.8370035368857202,scooter_only,high_fee_feature_moderation,same_platform_competition,platform_competition,high,platform_types,True,unlock_fee_ge_1_00:Local MaaS only:same_platform_competitor_count_day_z,-0.015*,negative
high_fee_same_platform_competition_market_fe_scooter_only,ols_cluster,market_fe,ur_boxcox,unlock_fee_ge_1_00:multi_platform:same_platform_competitor_count_day_z,0.07556603061184601,0.022174018088828986,0.0006547359794822961,0.032105753765201514,0.11902630745849051,11149,75,30,0.8399862493431397,0.8370035368857202,scooter_only,high_fee_feature_moderation,same_platform_competition,platform_competition,high,platform_types,True,unlock_fee_ge_1_00:Multi-platform:same_platform_competitor_count_day_z,0.076***,positive
high_fee_unlock_fee_gap_same_mode_unit_fe_scooter_only,ols_cluster,unit_fe,ur_boxcox,unlock_fee_ge_1_00:local_maas_only:unlock_fee_gap_to_same_mode_min_z,1.0696571618315196,0.2146919089890742,6.28364545690757e-07,0.648868752440783,1.4904455712222562,11149,75,30,0.8844268281512374,0.8818731347052347,scooter_only,high_fee_feature_moderation,unlock_fee_gap_same_mode,relative_price_position,very_high,platform_types,True,unlock_fee_ge_1_00:Local MaaS only:unlock_fee_gap_to_same_mode_min_z,1.070***,positive
high_fee_unlock_fee_gap_same_mode_unit_fe_scooter_only,ols_cluster,unit_fe,ur_boxcox,unlock_fee_ge_1_00:multi_platform:unlock_fee_gap_to_same_mode_min_z,1.0819133871512139,0.2080403376391534,1.9875511747538235e-07,0.6741618180469207,1.489664956255507,11149,75,30,0.8844268281512374,0.8818731347052347,scooter_only,high_fee_feature_moderation,unlock_fee_gap_same_mode,relative_price_position,very_high,platform_types,True,unlock_fee_ge_1_00:Multi-platform:unlock_fee_gap_to_same_mode_min_z,1.082***,positive
high_fee_active_vehicle_share_same_mode_unit_fe_scooter_only,ols_cluster,unit_fe,ur_boxcox,unlock_fee_ge_1_00:local_maas_only:active_vehicle_share_same_mode_z,-0.05802377266989343,0.025757821055728373,0.02428020414287628,-0.10850817425934851,-0.00753937108043834,11149,75,30,0.8960705905234941,0.8937449507663162,scooter_only,high_fee_feature_moderation,active_vehicle_share_same_mode,availability_position,high,platform_types,True,unlock_fee_ge_1_00:Local MaaS only:active_vehicle_share_same_mode_z,-0.058*,negative
high_fee_active_vehicle_share_same_mode_unit_fe_scooter_only,ols_cluster,unit_fe,ur_boxcox,unlock_fee_ge_1_00:multi_platform:active_vehicle_share_same_mode_z,-0.06481206445714009,0.029415803677273908,0.027573074110114257,-0.12246598024089783,-0.007158148673382353,11149,75,30,0.8960705905234941,0.8937449507663162,scooter_only,high_fee_feature_moderation,active_vehicle_share_same_mode,availability_position,high,platform_types,True,unlock_fee_ge_1_00:Multi-platform:active_vehicle_share_same_mode_z,-0.065*,negative
