platform,operator,city,start_date,end_date,event_type,integration_depth,source_id,confidence,notes,is_platform_membership_event,is_main_model_event,is_weak_exposure_event,is_promotion_event,use_in_clean_panel,clean_scope,provenance_source_count,platform_type
Free_Now,TIER,BERLIN,2021-03-31,2024-09-29,platform_membership,bookable_payable,SRC_FREENOW_TIER_2021_04,medium,End date set before Dott rebrand announcement for conservative TIER-branded event; actual FREENOW Dott continuity needs archive/app evidence.,True,True,False,False,True,main_model,1,national_commercial_aggregator
Free_Now,TIER,HAMBURG,2021-03-31,2024-09-29,platform_membership,bookable_payable,SRC_FREENOW_TIER_2021_04,medium,End date set before Dott rebrand announcement for conservative TIER-branded event; actual FREENOW Dott continuity needs archive/app evidence.,True,True,False,False,True,main_model,1,national_commercial_aggregator
Free_Now,TIER,COLOGNE,2021-04-07,2024-09-29,platform_membership,bookable_payable,SRC_FREENOW_TIER_2021_04,medium,End date set before Dott rebrand announcement for conservative TIER-branded event; actual FREENOW Dott continuity needs archive/app evidence.,True,True,False,False,True,main_model,1,national_commercial_aggregator
Free_Now,TIER,MUNICH,2021-04-07,2024-09-29,platform_membership,bookable_payable,SRC_FREENOW_TIER_2021_04,medium,End date set before Dott rebrand announcement for conservative TIER-branded event; actual FREENOW Dott continuity needs archive/app evidence.,True,True,False,False,True,main_model,1,national_commercial_aggregator
Free_Now,TIER,FRANKFURT,2021-04-07,2024-09-29,platform_membership,bookable_payable,SRC_FREENOW_TIER_2021_04,medium,End date set before Dott rebrand announcement for conservative TIER-branded event; actual FREENOW Dott continuity needs archive/app evidence.,True,True,False,False,True,main_model,1,national_commercial_aggregator
Free_Now,TIER,STUTTGART,2021-04-07,2024-09-29,platform_membership,bookable_payable,SRC_FREENOW_TIER_2021_04,medium,End date set before Dott rebrand announcement for conservative TIER-branded event; actual FREENOW Dott continuity needs archive/app evidence.,True,True,False,False,True,main_model,1,national_commercial_aggregator
Free_Now,TIER,ESSEN,2021-04-07,2024-09-29,platform_membership,bookable_payable,SRC_FREENOW_TIER_2021_04,medium,End date set before Dott rebrand announcement for conservative TIER-branded event; actual FREENOW Dott continuity needs archive/app evidence.,True,True,False,False,True,main_model,1,national_commercial_aggregator
Free_Now,TIER,DUESSELDORF,2021-04-07,2024-09-29,platform_membership,bookable_payable,SRC_FREENOW_TIER_2021_04,medium,End date set before Dott rebrand announcement for conservative TIER-branded event; actual FREENOW Dott continuity needs archive/app evidence.,True,True,False,False,True,main_model,1,national_commercial_aggregator
Free_Now,TIER,AACHEN,2021-09-30,2024-09-29,platform_membership,bookable_payable,SRC_FREENOW_TIER_2021_09,medium,End date set before Dott rebrand announcement for conservative TIER-branded event; actual FREENOW Dott continuity needs archive/app evidence.,True,True,False,False,True,main_model,1,national_commercial_aggregator
Free_Now,TIER,BREMEN,2021-09-30,2024-09-29,platform_membership,bookable_payable,SRC_FREENOW_TIER_2021_09,medium,End date set before Dott rebrand announcement for conservative TIER-branded event; actual FREENOW Dott continuity needs archive/app evidence.,True,True,False,False,True,main_model,1,national_commercial_aggregator
Free_Now,TIER,KARLSRUHE,2021-09-30,2024-09-29,platform_membership,bookable_payable,SRC_FREENOW_TIER_2021_09,medium,End date set before Dott rebrand announcement for conservative TIER-branded event; actual FREENOW Dott continuity needs archive/app evidence.,True,True,False,False,True,main_model,1,national_commercial_aggregator
Free_Now,TIER,NUREMBERG,2021-09-30,2024-09-29,platform_membership,bookable_payable,SRC_FREENOW_TIER_2021_09,medium,End date set before Dott rebrand announcement for conservative TIER-branded event; actual FREENOW Dott continuity needs archive/app evidence.,True,True,False,False,True,main_model,1,national_commercial_aggregator
Free_Now,VOI,HAMBURG,2020-05-28,,platform_membership,bookable_payable,SRC_FREENOW_VOI_2020_05,medium,City-specific evidence found before 2024 analysis window.,True,True,False,False,True,main_model,1,national_commercial_aggregator
Free_Now,VOI,BERLIN,2021-03-22,,platform_membership,bookable_payable,SRC_FREENOW_VOI_2021_03,medium,City-specific evidence found before 2024 analysis window.,True,True,False,False,True,main_model,1,national_commercial_aggregator
Free_Now,VOI,MUNICH,2021-03-22,,platform_membership,bookable_payable,SRC_FREENOW_VOI_2021_03,medium,City-specific evidence found before 2024 analysis window.,True,True,False,False,True,main_model,1,national_commercial_aggregator
Free_Now,VOI,STUTTGART,2021-03-22,,platform_membership,bookable_payable,SRC_FREENOW_VOI_2021_03,medium,City-specific evidence found before 2024 analysis window.,True,True,False,False,True,main_model,1,national_commercial_aggregator
Free_Now,VOI,FRANKFURT,2021-04-23,,platform_membership,bookable_payable,SRC_FREENOW_VOI_2021_04,medium,City-specific evidence found before 2024 analysis window.,True,True,False,False,True,main_model,1,national_commercial_aggregator
Free_Now,VOI,COLOGNE,2021-04-23,,platform_membership,bookable_payable,SRC_FREENOW_VOI_2021_04,medium,City-specific evidence found before 2024 analysis window.,True,True,False,False,True,main_model,1,national_commercial_aggregator
Free_Now,VOI,DUESSELDORF,2021-04-23,,platform_membership,bookable_payable,SRC_FREENOW_VOI_2021_04,medium,City-specific evidence found before 2024 analysis window.,True,True,False,False,True,main_model,1,national_commercial_aggregator
Free_Now,VOI|DOTT,AACHEN,2026-01-23,,current_coverage,bookable_payable,SRC_FREENOW_SCOOTER_SUPPORT_2026,high_current_low_historical,"Current support page; use for 2026/current validation only, not as 2024 start evidence without archived snapshot.",False,False,False,False,False,excluded_context,1,national_commercial_aggregator
Free_Now,VOI|DOTT,BERLIN,2026-01-23,,current_coverage,bookable_payable,SRC_FREENOW_SCOOTER_SUPPORT_2026,high_current_low_historical,"Current support page; use for 2026/current validation only, not as 2024 start evidence without archived snapshot.",False,False,False,False,False,excluded_context,1,national_commercial_aggregator
Free_Now,VOI|DOTT,BOCHUM,2026-01-23,,current_coverage,bookable_payable,SRC_FREENOW_SCOOTER_SUPPORT_2026,high_current_low_historical,"Current support page; use for 2026/current validation only, not as 2024 start evidence without archived snapshot.",False,False,False,False,False,excluded_context,1,national_commercial_aggregator
Free_Now,VOI|DOTT,BONN,2026-01-23,,current_coverage,bookable_payable,SRC_FREENOW_SCOOTER_SUPPORT_2026,high_current_low_historical,"Current support page; use for 2026/current validation only, not as 2024 start evidence without archived snapshot.",False,False,False,False,False,excluded_context,1,national_commercial_aggregator
Free_Now,VOI|DOTT,COLOGNE,2026-01-23,,current_coverage,bookable_payable,SRC_FREENOW_SCOOTER_SUPPORT_2026,high_current_low_historical,"Current support page; use for 2026/current validation only, not as 2024 start evidence without archived snapshot.",False,False,False,False,False,excluded_context,1,national_commercial_aggregator
Free_Now,VOI|DOTT,DORTMUND,2026-01-23,,current_coverage,bookable_payable,SRC_FREENOW_SCOOTER_SUPPORT_2026,high_current_low_historical,"Current support page; use for 2026/current validation only, not as 2024 start evidence without archived snapshot.",False,False,False,False,False,excluded_context,1,national_commercial_aggregator
Free_Now,VOI|DOTT,DUESSELDORF,2026-01-23,,current_coverage,bookable_payable,SRC_FREENOW_SCOOTER_SUPPORT_2026,high_current_low_historical,"Current support page; use for 2026/current validation only, not as 2024 start evidence without archived snapshot.",False,False,False,False,False,excluded_context,1,national_commercial_aggregator
Free_Now,VOI|DOTT,ESSEN,2026-01-23,,current_coverage,bookable_payable,SRC_FREENOW_SCOOTER_SUPPORT_2026,high_current_low_historical,"Current support page; use for 2026/current validation only, not as 2024 start evidence without archived snapshot.",False,False,False,False,False,excluded_context,1,national_commercial_aggregator
Free_Now,VOI|DOTT,HANNOVER,2026-01-23,,current_coverage,bookable_payable,SRC_FREENOW_SCOOTER_SUPPORT_2026,high_current_low_historical,"Current support page; use for 2026/current validation only, not as 2024 start evidence without archived snapshot.",False,False,False,False,False,excluded_context,1,national_commercial_aggregator
Free_Now,VOI|DOTT,LEIPZIG,2026-01-23,,current_coverage,bookable_payable,SRC_FREENOW_SCOOTER_SUPPORT_2026,high_current_low_historical,"Current support page; use for 2026/current validation only, not as 2024 start evidence without archived snapshot.",False,False,False,False,False,excluded_context,1,national_commercial_aggregator
Free_Now,VOI|DOTT,MAINZ-WIESBADEN,2026-01-23,,current_coverage,bookable_payable,SRC_FREENOW_SCOOTER_SUPPORT_2026,high_current_low_historical,"Current support page; use for 2026/current validation only, not as 2024 start evidence without archived snapshot.",False,False,False,False,False,excluded_context,1,national_commercial_aggregator
Free_Now,VOI|DOTT,MUENSTER,2026-01-23,,current_coverage,bookable_payable,SRC_FREENOW_SCOOTER_SUPPORT_2026,high_current_low_historical,"Current support page; use for 2026/current validation only, not as 2024 start evidence without archived snapshot.",False,False,False,False,False,excluded_context,1,national_commercial_aggregator
Jelbi,BOLT,BERLIN,2023-06-16,,platform_membership,bookable_payable,SRC_JELBI_2023_BERLIN,high,Berlin-specific in-app bookability before the 2024 analysis window.,True,True,False,False,True,main_model,1,local_public_maas
Jelbi,NEXTBIKE,BERLIN,2023-06-16,,platform_membership,bookable_payable,SRC_JELBI_2023_BERLIN,high,Berlin-specific in-app bookability before the 2024 analysis window.,True,True,False,False,True,main_model,1,local_public_maas
Jelbi,TIER,BERLIN,2023-06-16,,platform_membership,bookable_payable,SRC_JELBI_2023_BERLIN,high,Berlin-specific in-app bookability before the 2024 analysis window.,True,True,False,False,True,main_model,1,local_public_maas
Jelbi,VOI,BERLIN,2023-06-16,,platform_membership,bookable_payable,SRC_JELBI_2023_BERLIN,high,Berlin-specific in-app bookability before the 2024 analysis window.,True,True,False,False,True,main_model,1,local_public_maas
Jelbi,DOTT,BERLIN,2025-01-01,,current_coverage,visible_or_station_not_fully_bookable,SRC_JELBI_PARTNERS_CURRENT,medium,Current page has Dott with caveat; exact bookability and start date need app/archive evidence.,False,False,False,False,False,excluded_context,1,local_public_maas
hvv_switch,TIER,HAMBURG,2021-10-01,2024-09-29,platform_membership,bookable_payable,SRC_HVV_TIER_2021,high,"TIER active before 2024 window; current FAQ says TIER later no longer available after Dott merger, exact end date unresolved.",True,True,False,False,True,main_model,1,local_public_maas
hvv_switch,VOI,HAMBURG,2022-10-18,,platform_membership,bookable_payable,SRC_HVV_VOI_2022,high,Voi bookable/payable in hvv switch from 2022-10-18 and remains available according to current FAQ.,True,True,False,False,True,main_model,1,local_public_maas
hvv_switch,TIER,HAMBURG,2024-09-30,,exit_or_rebrand,not_available,SRC_HVV_TIER_EXIT_CURRENT,medium,"Exact date unknown; placeholder aligned to public TIER becomes Dott announcement, needs archive validation.",False,False,False,False,False,excluded_context,1,local_public_maas
MVGO,VOI,MUNICH,2024-01-01,,platform_membership,bookable_payable,SRC_MVGO_DOTT_2025,medium,2025 MVG press says MVGO already included Voi before Dott integration; exact Voi start still needed.,True,True,False,False,True,main_model,1,local_public_maas
MVGO,DOTT,MUNICH,2025-05-14,,platform_membership,bookable_payable,SRC_MVGO_DOTT_2025,high,"Dott/TIER successor directly bookable in MVGO from 2025-05-14, outside 2024 analysis window.",True,True,False,False,True,main_model,1,local_public_maas
MVGO,DOTT,MUNICH,2025-05-15,2025-05-21,promotion,unlock_fee_waiver,SRC_MVGO_DOTT_2025,high,Launch promo: unlock fee waived from 2025-05-15 07:00 through 2025-05-21 inclusive.,False,False,False,True,True,promotion,1,local_public_maas
operator_event,TIER|DOTT,ALL,2024-03-01,,merger_complete,operator_structure,SRC_TIER_DOTT_MERGER_COMPLETE,high,"During 2024 window: merged business formed, but separate TIER/Dott apps continued for now.",False,False,False,False,False,excluded_context,1,context_or_unknown
operator_event,TIER|DOTT,ALL,2024-09-30,2025-03-31,rebrand_migration,app_migration,SRC_TIER_BECOMES_DOTT,high,Post-window TIER-to-Dott app/brand migration period; relevant for later panels.,False,False,False,False,False,excluded_context,1,context_or_unknown
Jelbi,ALL_PARTNERS,BERLIN,2023-02-20,2023-06-30,promotion,voucher_25eur,SRC_JELBI_D_TICKET_PROMO_2023,high,Outside 2024 window but useful for historical promo controls.,False,False,False,True,True,promotion,1,local_public_maas
Jelbi,BOLT|LIME|NEXTBIKE|VOI,BERLIN,2024-01-01,2024-11-10,promotion,voucher_20eur_limited_eligibility,SRC_JELBI_BVG_CLUB_PROMO_2024,medium,Eligibility-limited BVG-Club campaign; do not treat as general market-wide promo without distribution data.,False,False,False,True,True,promotion,1,local_public_maas
Free_Now,VOI,AACHEN,2024-03-29,,platform_membership,bookable_payable,SRC_FREENOW_SCOOTER_WAYBACK_2024_03_29_DE;SRC_FREENOW_SCOOTER_WAYBACK_2024_08_05_DE,medium_high,"Added from archived official 2024 FREENOW scooter page. Page confirms TIER/Voi app booking and city availability, but not provider-city matrix; provider attribution follows JAMS city_operator rows.",True,True,False,False,True,main_model,2,national_commercial_aggregator
Free_Now,VOI,AUGSBURG,2024-03-29,,platform_membership,bookable_payable,SRC_FREENOW_SCOOTER_WAYBACK_2024_03_29_DE;SRC_FREENOW_SCOOTER_WAYBACK_2024_08_05_DE,medium_high,"Added from archived official 2024 FREENOW scooter page. Page confirms TIER/Voi app booking and city availability, but not provider-city matrix; provider attribution follows JAMS city_operator rows.",True,True,False,False,True,main_model,2,national_commercial_aggregator
Free_Now,TIER,BIELEFELD,2024-03-29,,platform_membership,bookable_payable,SRC_FREENOW_SCOOTER_WAYBACK_2024_03_29_DE;SRC_FREENOW_SCOOTER_WAYBACK_2024_08_05_DE,medium_high,"Added from archived official 2024 FREENOW scooter page. Page confirms TIER/Voi app booking and city availability, but not provider-city matrix; provider attribution follows JAMS city_operator rows.",True,True,False,False,True,main_model,2,national_commercial_aggregator
Free_Now,TIER,BOCHUM,2024-03-29,,platform_membership,bookable_payable,SRC_FREENOW_SCOOTER_WAYBACK_2024_03_29_DE;SRC_FREENOW_SCOOTER_WAYBACK_2024_08_05_DE,medium_high,"Added from archived official 2024 FREENOW scooter page. Page confirms TIER/Voi app booking and city availability, but not provider-city matrix; provider attribution follows JAMS city_operator rows.",True,True,False,False,True,main_model,2,national_commercial_aggregator
Free_Now,VOI,BOCHUM,2024-03-29,,platform_membership,bookable_payable,SRC_FREENOW_SCOOTER_WAYBACK_2024_03_29_DE;SRC_FREENOW_SCOOTER_WAYBACK_2024_08_05_DE,medium_high,"Added from archived official 2024 FREENOW scooter page. Page confirms TIER/Voi app booking and city availability, but not provider-city matrix; provider attribution follows JAMS city_operator rows.",True,True,False,False,True,main_model,2,national_commercial_aggregator
Free_Now,TIER,BONN,2024-03-29,,platform_membership,bookable_payable,SRC_FREENOW_SCOOTER_WAYBACK_2024_03_29_DE;SRC_FREENOW_SCOOTER_WAYBACK_2024_08_05_DE,medium_high,"Added from archived official 2024 FREENOW scooter page. Page confirms TIER/Voi app booking and city availability, but not provider-city matrix; provider attribution follows JAMS city_operator rows.",True,True,False,False,True,main_model,2,national_commercial_aggregator
Free_Now,VOI,BONN,2024-03-29,,platform_membership,bookable_payable,SRC_FREENOW_SCOOTER_WAYBACK_2024_03_29_DE;SRC_FREENOW_SCOOTER_WAYBACK_2024_08_05_DE,medium_high,"Added from archived official 2024 FREENOW scooter page. Page confirms TIER/Voi app booking and city availability, but not provider-city matrix; provider attribution follows JAMS city_operator rows.",True,True,False,False,True,main_model,2,national_commercial_aggregator
Free_Now,TIER,BRUNSWICK,2024-03-29,,platform_membership,bookable_payable,SRC_FREENOW_SCOOTER_WAYBACK_2024_03_29_DE;SRC_FREENOW_SCOOTER_WAYBACK_2024_08_05_DE,medium_high,"Added from archived official 2024 FREENOW scooter page. Page confirms TIER/Voi app booking and city availability, but not provider-city matrix; provider attribution follows JAMS city_operator rows.",True,True,False,False,True,main_model,2,national_commercial_aggregator
Free_Now,TIER,DARMSTADT,2024-03-29,,platform_membership,bookable_payable,SRC_FREENOW_SCOOTER_WAYBACK_2024_03_29_DE;SRC_FREENOW_SCOOTER_WAYBACK_2024_08_05_DE,medium_high,"Added from archived official 2024 FREENOW scooter page. Page confirms TIER/Voi app booking and city availability, but not provider-city matrix; provider attribution follows JAMS city_operator rows.",True,True,False,False,True,main_model,2,national_commercial_aggregator
Free_Now,TIER,DORTMUND,2024-03-29,,platform_membership,bookable_payable,SRC_FREENOW_SCOOTER_WAYBACK_2024_03_29_DE;SRC_FREENOW_SCOOTER_WAYBACK_2024_08_05_DE,medium_high,"Added from archived official 2024 FREENOW scooter page. Page confirms TIER/Voi app booking and city availability, but not provider-city matrix; provider attribution follows JAMS city_operator rows.",True,True,False,False,True,main_model,2,national_commercial_aggregator
Free_Now,VOI,DORTMUND,2024-03-29,,platform_membership,bookable_payable,SRC_FREENOW_SCOOTER_WAYBACK_2024_03_29_DE;SRC_FREENOW_SCOOTER_WAYBACK_2024_08_05_DE,medium_high,"Added from archived official 2024 FREENOW scooter page. Page confirms TIER/Voi app booking and city availability, but not provider-city matrix; provider attribution follows JAMS city_operator rows.",True,True,False,False,True,main_model,2,national_commercial_aggregator
Free_Now,TIER,ERLANGEN,2024-03-29,,platform_membership,bookable_payable,SRC_FREENOW_SCOOTER_WAYBACK_2024_03_29_DE;SRC_FREENOW_SCOOTER_WAYBACK_2024_08_05_DE,medium_high,"Added from archived official 2024 FREENOW scooter page. Page confirms TIER/Voi app booking and city availability, but not provider-city matrix; provider attribution follows JAMS city_operator rows.",True,True,False,False,True,main_model,2,national_commercial_aggregator
Free_Now,VOI,ESSEN,2024-03-29,,platform_membership,bookable_payable,SRC_FREENOW_SCOOTER_WAYBACK_2024_03_29_DE;SRC_FREENOW_SCOOTER_WAYBACK_2024_08_05_DE,medium_high,"Added from archived official 2024 FREENOW scooter page. Page confirms TIER/Voi app booking and city availability, but not provider-city matrix; provider attribution follows JAMS city_operator rows.",True,True,False,False,True,main_model,2,national_commercial_aggregator
Free_Now,TIER,HANNOVER,2024-03-29,,platform_membership,bookable_payable,SRC_FREENOW_SCOOTER_WAYBACK_2024_03_29_DE;SRC_FREENOW_SCOOTER_WAYBACK_2024_08_05_DE,medium_high,"Added from archived official 2024 FREENOW scooter page. Page confirms TIER/Voi app booking and city availability, but not provider-city matrix; provider attribution follows JAMS city_operator rows.",True,True,False,False,True,main_model,2,national_commercial_aggregator
Free_Now,VOI,HANNOVER,2024-03-29,,platform_membership,bookable_payable,SRC_FREENOW_SCOOTER_WAYBACK_2024_03_29_DE;SRC_FREENOW_SCOOTER_WAYBACK_2024_08_05_DE,medium_high,"Added from archived official 2024 FREENOW scooter page. Page confirms TIER/Voi app booking and city availability, but not provider-city matrix; provider attribution follows JAMS city_operator rows.",True,True,False,False,True,main_model,2,national_commercial_aggregator
Free_Now,TIER,HEIDELBERG,2024-03-29,,platform_membership,bookable_payable,SRC_FREENOW_SCOOTER_WAYBACK_2024_03_29_DE;SRC_FREENOW_SCOOTER_WAYBACK_2024_08_05_DE,medium_high,"Added from archived official 2024 FREENOW scooter page. Page confirms TIER/Voi app booking and city availability, but not provider-city matrix; provider attribution follows JAMS city_operator rows.",True,True,False,False,True,main_model,2,national_commercial_aggregator
Free_Now,TIER,KAISERSLAUTERN,2024-03-29,,platform_membership,bookable_payable,SRC_FREENOW_SCOOTER_WAYBACK_2024_03_29_DE;SRC_FREENOW_SCOOTER_WAYBACK_2024_08_05_DE,medium_high,"Added from archived official 2024 FREENOW scooter page. Page confirms TIER/Voi app booking and city availability, but not provider-city matrix; provider attribution follows JAMS city_operator rows.",True,True,False,False,True,main_model,2,national_commercial_aggregator
Free_Now,VOI,KARLSRUHE,2024-03-29,,platform_membership,bookable_payable,SRC_FREENOW_SCOOTER_WAYBACK_2024_03_29_DE;SRC_FREENOW_SCOOTER_WAYBACK_2024_08_05_DE,medium_high,"Added from archived official 2024 FREENOW scooter page. Page confirms TIER/Voi app booking and city availability, but not provider-city matrix; provider attribution follows JAMS city_operator rows.",True,True,False,False,True,main_model,2,national_commercial_aggregator
Free_Now,TIER,KASSEL,2024-03-29,,platform_membership,bookable_payable,SRC_FREENOW_SCOOTER_WAYBACK_2024_03_29_DE;SRC_FREENOW_SCOOTER_WAYBACK_2024_08_05_DE,medium_high,"Added from archived official 2024 FREENOW scooter page. Page confirms TIER/Voi app booking and city availability, but not provider-city matrix; provider attribution follows JAMS city_operator rows.",True,True,False,False,True,main_model,2,national_commercial_aggregator
Free_Now,TIER,LEIPZIG,2024-03-29,,platform_membership,bookable_payable,SRC_FREENOW_SCOOTER_WAYBACK_2024_03_29_DE;SRC_FREENOW_SCOOTER_WAYBACK_2024_08_05_DE,medium_high,"Added from archived official 2024 FREENOW scooter page. Page confirms TIER/Voi app booking and city availability, but not provider-city matrix; provider attribution follows JAMS city_operator rows.",True,True,False,False,True,main_model,2,national_commercial_aggregator
Free_Now,VOI,LEIPZIG,2024-03-29,,platform_membership,bookable_payable,SRC_FREENOW_SCOOTER_WAYBACK_2024_03_29_DE;SRC_FREENOW_SCOOTER_WAYBACK_2024_08_05_DE,medium_high,"Added from archived official 2024 FREENOW scooter page. Page confirms TIER/Voi app booking and city availability, but not provider-city matrix; provider attribution follows JAMS city_operator rows.",True,True,False,False,True,main_model,2,national_commercial_aggregator
Free_Now,TIER,LUEBECK,2024-03-29,,platform_membership,bookable_payable,SRC_FREENOW_SCOOTER_WAYBACK_2024_03_29_DE;SRC_FREENOW_SCOOTER_WAYBACK_2024_08_05_DE,medium_high,"Added from archived official 2024 FREENOW scooter page. Page confirms TIER/Voi app booking and city availability, but not provider-city matrix; provider attribution follows JAMS city_operator rows.",True,True,False,False,True,main_model,2,national_commercial_aggregator
Free_Now,TIER,MAINZ-WIESBADEN,2024-03-29,,platform_membership,bookable_payable,SRC_FREENOW_SCOOTER_WAYBACK_2024_03_29_DE;SRC_FREENOW_SCOOTER_WAYBACK_2024_08_05_DE,medium_high,"Added from archived official 2024 FREENOW scooter page. Page confirms TIER/Voi app booking and city availability, but not provider-city matrix; provider attribution follows JAMS city_operator rows.",True,True,False,False,True,main_model,2,national_commercial_aggregator
Free_Now,VOI,MAINZ-WIESBADEN,2024-03-29,,platform_membership,bookable_payable,SRC_FREENOW_SCOOTER_WAYBACK_2024_03_29_DE;SRC_FREENOW_SCOOTER_WAYBACK_2024_08_05_DE,medium_high,"Added from archived official 2024 FREENOW scooter page. Page confirms TIER/Voi app booking and city availability, but not provider-city matrix; provider attribution follows JAMS city_operator rows.",True,True,False,False,True,main_model,2,national_commercial_aggregator
Free_Now,TIER,MANNHEIM,2024-03-29,,platform_membership,bookable_payable,SRC_FREENOW_SCOOTER_WAYBACK_2024_03_29_DE;SRC_FREENOW_SCOOTER_WAYBACK_2024_08_05_DE,medium_high,"Added from archived official 2024 FREENOW scooter page. Page confirms TIER/Voi app booking and city availability, but not provider-city matrix; provider attribution follows JAMS city_operator rows.",True,True,False,False,True,main_model,2,national_commercial_aggregator
Free_Now,TIER,MUENSTER,2024-03-29,,platform_membership,bookable_payable,SRC_FREENOW_SCOOTER_WAYBACK_2024_03_29_DE;SRC_FREENOW_SCOOTER_WAYBACK_2024_08_05_DE,medium_high,"Added from archived official 2024 FREENOW scooter page. Page confirms TIER/Voi app booking and city availability, but not provider-city matrix; provider attribution follows JAMS city_operator rows.",True,True,False,False,True,main_model,2,national_commercial_aggregator
Free_Now,VOI,MUENSTER,2024-03-29,,platform_membership,bookable_payable,SRC_FREENOW_SCOOTER_WAYBACK_2024_03_29_DE;SRC_FREENOW_SCOOTER_WAYBACK_2024_08_05_DE,medium_high,"Added from archived official 2024 FREENOW scooter page. Page confirms TIER/Voi app booking and city availability, but not provider-city matrix; provider attribution follows JAMS city_operator rows.",True,True,False,False,True,main_model,2,national_commercial_aggregator
Free_Now,VOI,NUREMBERG,2024-03-29,,platform_membership,bookable_payable,SRC_FREENOW_SCOOTER_WAYBACK_2024_03_29_DE;SRC_FREENOW_SCOOTER_WAYBACK_2024_08_05_DE,medium_high,"Added from archived official 2024 FREENOW scooter page. Page confirms TIER/Voi app booking and city availability, but not provider-city matrix; provider attribution follows JAMS city_operator rows.",True,True,False,False,True,main_model,2,national_commercial_aggregator
NuernbergMOBIL,VOI,NUREMBERG,2023-12-06,,platform_membership,bookable_payable,SRC_NUERNBERGMOBIL_VOI_2023_12;SRC_NUERNBERGMOBIL_CURRENT,high,Local MaaS app integration; Voi can be rented through NürnbergMOBIL.,True,True,False,False,True,main_model,2,local_public_maas
NuernbergMOBIL,VOI,NUREMBERG,2023-12-06,,promotion,subscriber_free_minutes_15_per_month,SRC_NUERNBERGMOBIL_VOI_2023_12,high,VGN subscribers receive 15 Voi free minutes per month; start fee excluded according to supporting VAG_Rad page.,False,False,False,True,True,promotion,1,local_public_maas
KVV_regiomove,VOI,KARLSRUHE,2022-11-09,,platform_membership,bookable_payable,SRC_KVV_REGIOMOVE_VOI_2022_11;SRC_KVV_REGIOMOVE_CURRENT,medium_high,Voi scooters bookable/payable via KVV.regiomove in Karlsruhe.,True,True,False,False,True,main_model,2,local_public_maas
KVV_regiomove,NEXTBIKE,KARLSRUHE,2022-11-09,,platform_membership,bookable_payable,SRC_KVV_REGIOMOVE_CURRENT,medium,KVV.nextbike is bookable in KVV.regiomove; conservative start aligned with documented Voi expansion because precise nextbike start in app not yet separately sourced.,True,True,False,False,True,main_model,1,local_public_maas
BONNmobil,TIER,BONN,2022-10-17,2024-09-29,platform_membership,bookable_payable,SRC_BONNMOBIL_2022_10;SRC_BONNMOBIL_2023_08,high,BONNmobil app enables booking/payment of TIER scooters in Bonn; end date conservatively set before TIER-to-Dott migration announcement.,True,True,False,False,True,main_model,2,local_public_maas
BONNmobil,NEXTBIKE,BONN,2022-10-17,,platform_membership,bookable_payable,SRC_BONNMOBIL_2022_10;SRC_BONNMOBIL_2023_08,high,BONNmobil app enables booking/payment of nextbike rental bikes in Bonn.,True,True,False,False,True,main_model,2,local_public_maas
LeipzigMOVE,VOI,LEIPZIG,2022-09-01,,platform_membership,bookable_payable,SRC_LEIPZIGMOVE_CURRENT;SRC_LEIPZIGMOVE_FACTSHEET_2022,medium,LeipzigMOVE supports Voi e-scooter rental; exact start predates 2024 but is approximated from 2022 factsheet.,True,True,False,False,True,main_model,2,local_public_maas
LeipzigMOVE,NEXTBIKE,LEIPZIG,2022-09-01,,platform_membership,bookable_payable,SRC_LEIPZIGMOVE_CURRENT;SRC_LEIPZIGMOVE_FACTSHEET_2022,medium,LeipzigMOVE supports nextbike rental; exact start predates 2024 but is approximated from 2022 factsheet.,True,True,False,False,True,main_model,2,local_public_maas
LeipzigMOVE,TIER,LEIPZIG,2022-09-01,2024-09-29,platform_membership,bookable_payable,SRC_LEIPZIGMOVE_FACTSHEET_2022,medium_low,Older factsheet lists TIER; current press suggests TIER/Dott later not available via LeipzigMOVE. Treat cautiously in sensitivity analysis.,True,False,False,False,False,excluded_context,1,local_public_maas
KVB_App,TIER,COLOGNE,2019-10-10,2024-09-29,platform_membership,bookable_payable,SRC_KVB_TIER_2019,medium,KVB/TIER integration predates 2024; continuity should be checked for main model.,True,True,False,False,True,main_model,1,local_public_maas
KVB_App,VOI,COLOGNE,2021-04-01,,platform_membership,visible_or_bookable_unclear,SRC_KVB_VOI_2021,medium_low,Local news supports KVB app visibility for Voi; bookability/payment depth less clear than other events.,True,False,True,False,True,weak_exposure,1,local_public_maas
myVRN,TIER,MANNHEIM,2020-11-08,2024-09-29,platform_membership,bookable_payable,SRC_MYVRN_APPSTORE_2020_TIER;SRC_VRN_TIER_2019,medium_high,myVRN release notes and VRN/TIER press support TIER app integration; end conservatively before TIER-to-Dott migration announcement.,True,True,False,False,True,main_model,2,local_public_maas
myVRN,TIER,HEIDELBERG,2020-11-08,2024-09-29,platform_membership,bookable_payable,SRC_MYVRN_APPSTORE_2020_TIER;SRC_VRN_TIER_2019,medium_high,myVRN release notes and VRN/TIER press support TIER app integration; end conservatively before TIER-to-Dott migration announcement.,True,True,False,False,True,main_model,2,local_public_maas
myVRN,TIER,KAISERSLAUTERN,2020-11-08,2024-09-29,platform_membership,bookable_payable,SRC_MYVRN_APPSTORE_2020_TIER;SRC_VRN_TIER_2019,medium,Kaiserslautern is named in VRN/TIER cooperation city scope; integration inferred from later myVRN release notes.,True,True,False,False,True,main_model,2,local_public_maas
myVRN,NEXTBIKE,MANNHEIM,2020-11-08,,platform_membership,bookable_payable,SRC_MYVRN_APPSTORE_2020_TIER;SRC_MYVRN_CURRENT,medium_high,myVRN supports VRNnextbike booking/account integration.,True,True,False,False,True,main_model,2,local_public_maas
myVRN,NEXTBIKE,HEIDELBERG,2020-11-08,,platform_membership,bookable_payable,SRC_MYVRN_APPSTORE_2020_TIER;SRC_MYVRN_CURRENT,medium_high,myVRN supports VRNnextbike booking/account integration.,True,True,False,False,True,main_model,2,local_public_maas
myVRN,NEXTBIKE,KAISERSLAUTERN,2020-11-08,,platform_membership,bookable_payable,SRC_MYVRN_APPSTORE_2020_TIER;SRC_MYVRN_CURRENT,medium,VRNnextbike integration inferred for VRN city in panel; verify local VRNnextbike availability if used as main effect.,True,True,False,False,True,main_model,2,local_public_maas
RMVplus,TIER,FRANKFURT,2024-07-24,2024-09-29,platform_membership,bookable_payable,SRC_RMVPLUS_FAZ_2024_07,medium,"RMVplus article supports TIER scooter booking/payment in RMVplus; city attribution set to Frankfurt as core RMV panel city, use sensitivity due lack of city-specific partner matrix.",True,True,False,False,True,main_model,1,local_public_maas
RMVplus,NEXTBIKE,FRANKFURT,2024-07-24,,platform_membership,bookable_payable,SRC_RMVPLUS_FAZ_2024_07;SRC_RMVPLUS_CURRENT,medium,RMVplus supports nextbike booking/payment from late July 2024; city attribution set to Frankfurt cautiously.,True,True,False,False,True,main_model,2,local_public_maas
operator_event,TIER|DOTT,AACHEN,2024-10-30,,rebrand_migration,app_migration,SRC_AACHEN_TIER_DOTT_2024_10,medium,Aachen-specific TIER to Dott app migration after JAMS analysis window.,False,False,False,False,False,excluded_context,1,context_or_unknown
redy,NEXTBIKE,DUESSELDORF,2021-06-16,,platform_membership,bookable_payable,SRC_REDY_LAUNCH_2021;SRC_REDY_CURRENT;SRC_REDY_100K_2024,medium_high,Rheinbahn redy launched with nextbike and was active in 2024; current page confirms booking/payment via redy.,True,True,False,False,True,main_model,3,local_public_maas
redy,TIER,DUESSELDORF,2021-06-16,2024-09-29,platform_membership,bookable_payable,SRC_REDY_LAUNCH_2021;SRC_REDY_100K_2024,medium,"redy launch source names TIER e-scooters; current redy lists Dott instead, so end is conservatively before TIER-to-Dott migration announcement.",True,True,False,False,True,main_model,2,local_public_maas
redy,VOI,DUESSELDORF,2024-03-18,,platform_membership,bookable_payable,SRC_REDY_CURRENT;SRC_REDY_100K_2024,medium,"Current redy source lists Voi; March 2024 source confirms redy active and multimodal, but provider-specific Voi timing is less precise.",True,True,False,False,True,main_model,2,local_public_maas
moBiel_YOU,NEXTBIKE,BIELEFELD,2023-03-20,,platform_membership,bookable_payable,SRC_MOBIEL_YOU_INTEGRATION_2023;SRC_MOBIEL_YOU_MEINSIGGI_CURRENT,medium_high,meinSiggi/nextbike can be used through moBiel YOU app.,True,True,False,False,True,main_model,2,local_public_maas
VBN_FahrPlaner,NEXTBIKE,BREMEN,2020-12-31,,platform_membership,visible_route_info,SRC_VBN_OTHER_PROVIDERS_CURRENT;SRC_BREBIKE_NEXTBIKE_CURRENT,medium,"VBN FahrPlaner integrates WK-Bike/Bre.Bike nextbike in routing/information; no booking/payment evidence, so use as visibility-only platform exposure.",True,False,True,False,True,weak_exposure,2,local_public_maas_weak_visibility
VBN_FahrPlaner,NEXTBIKE,OLDENBURG,2020-12-31,,platform_membership,visible_route_info,SRC_VBN_OTHER_PROVIDERS_CURRENT;SRC_OLIBIKE_NEXTBIKE_CURRENT,medium,"VBN FahrPlaner integrates OLi-Bike nextbike in routing/information; no booking/payment evidence, so use as visibility-only platform exposure.",True,False,True,False,True,weak_exposure,2,local_public_maas_weak_visibility
Mobility_Stuttgart,TIER,STUTTGART,2021-09-09,2024-09-29,platform_membership,deeplink_visible,SRC_MOBILITY_STUTTGART_TIER_VOI_2021;SRC_MOBILITY_STUTTGART_CURRENT,high,Mobility Stuttgart shows TIER vehicles and routes users through deep links; not in-app payment.,True,False,True,False,True,weak_exposure,2,local_public_maas_weak_deeplink
Mobility_Stuttgart,VOI,STUTTGART,2021-09-09,,platform_membership,deeplink_visible,SRC_MOBILITY_STUTTGART_TIER_VOI_2021;SRC_MOBILITY_STUTTGART_CURRENT;SRC_MOBILITY_STUTTGART_VOI_PILOT,high,Mobility Stuttgart shows Voi vehicles and routes users through deep links; not in-app payment.,True,False,True,False,True,weak_exposure,3,local_public_maas_weak_deeplink
Mobility_Stuttgart,VOI,STUTTGART,2020-09-01,,promotion,parking_station_credit_0_50_eur,SRC_MOBILITY_STUTTGART_VOI_PILOT,low,"Pilot credit at Bad Cannstatt stations; exact validity during 2024 unknown, use only as qualitative context unless separately verified.",False,False,False,True,True,promotion,1,local_public_maas_weak_deeplink
GVH_sprintRAD,NEXTBIKE,HANNOVER,2024-03-01,,exit_or_rebrand,not_available,SRC_HANNOVER_SPRINTRAD_NEXTBIKE_EXIT_2024,high,"GVH nextbike partnership ended before panel window; Donkey Republic replaced nextbike, which is not a JAMS operator in this panel.",False,False,False,False,False,excluded_context,1,context_or_unknown
